setting,L0,z0,z1,As,hr0,k,Ts,Tlab,Da,composition,T0,T1,P0,rho0,critical_depth,critical_pressure,critical_temperature,plag_out_pressure,plag_out_temperature,plag_out_depth,qs0,qs1,effective_delta_rho,max_delta_rho,max_rho,max_densification_rate_1Myr,max_densification_rate_100kyr,max_densification_rate_50kyr,max_densification_rate_10kyr
,55000.0,,,2e-06,13000.0,3.0,283.15,1603.15,0.01,sammon_2021_deep_crust,1044.0464720227953,1293.9693566065441,8181.540000000001,2871.0314811986345,nan,nan,nan,nan,nan,nan,0.09194390774252162,0.0801837539800576,nan,nan,2.9152659045180753,1.0793090163290777,1.0896750979868792,1.0905820341617816,1.0905820341617816
,55000.0,,,2e-06,13000.0,3.0,283.15,1603.15,0.01,sammon_2021_lower_crust,1044.0464720227953,1293.9693566065441,8181.540000000001,2944.00322609359,nan,nan,nan,nan,nan,nan,0.09194390774252162,0.0801837539800576,nan,nan,2.9823997106509537,0.853608000369387,0.8573453442706374,0.8576682477166351,0.8576682477166351
,55000.0,,,2e-06,13000.0,3.0,283.15,1603.15,0.01,hacker_2015_md_xenolith,1044.0464720227953,1293.9693566065441,8181.540000000001,2982.601980445604,nan,nan,nan,nan,nan,nan,0.09194390774252162,0.0801837539800576,nan,nan,3.0197426324879224,0.799761320996386,0.8016894787415487,0.8018530225932918,0.8018530225932918
,55000.0,,,2e-06,13000.0,3.0,283.15,1603.15,0.01,mackwell_1998_maryland_diabase,1044.0464720227953,1293.9693566065441,8181.540000000001,3041.6227724245346,nan,nan,nan,nan,nan,nan,0.09194390774252162,0.0801837539800576,nan,nan,3.0768357364991603,0.7648857994235553,0.766738380224381,0.7668945939650214,0.7668945939650214
,55000.0,,,2e-06,13000.0,3.0,283.15,1603.15,0.03,sammon_2021_deep_crust,1044.0464720227953,1293.9693566065441,8181.540000000001,2871.0314811986345,nan,nan,nan,nan,nan,nan,0.09194390774252162,0.0801837539800576,nan,nan,2.9215025041584304,1.1030822642192486,1.1123960782747564,1.1132151200155587,1.1132151200155587
,55000.0,,,2e-06,13000.0,3.0,283.15,1603.15,0.03,sammon_2021_lower_crust,1044.0464720227953,1293.9693566065441,8181.540000000001,2944.00322609359,nan,nan,nan,nan,nan,nan,0.09194390774252162,0.0801837539800576,nan,nan,2.9900876290739826,1.100005305273446,1.1223356160221671,1.1236019647774338,1.1236019647774338
,55000.0,,,2e-06,13000.0,3.0,283.15,1603.15,0.03,hacker_2015_md_xenolith,1044.0464720227953,1293.9693566065441,8181.540000000001,2982.601980445604,nan,nan,nan,nan,nan,nan,0.09194390774252162,0.0801837539800576,nan,nan,3.0278874548799157,1.127853839512493,1.152421002533511,1.153813719736218,1.153813719736218
,55000.0,,,2e-06,13000.0,3.0,283.15,1603.15,0.03,mackwell_1998_maryland_diabase,1044.0464720227953,1293.9693566065441,8181.540000000001,3041.6227724245346,nan,nan,nan,nan,nan,nan,0.09194390774252162,0.0801837539800576,nan,nan,3.085093825792263,1.0854697490031764,1.1089231181293724,1.1102506694204177,1.1102506694204177
,55000.0,,,2e-06,13000.0,3.0,283.15,1603.15,0.1,sammon_2021_deep_crust,1044.0464720227953,1293.9693566065441,8181.540000000001,2871.0314811986345,nan,nan,nan,nan,nan,nan,0.09194390774252162,0.0801837539800576,nan,nan,2.9377775314762653,1.9085194852511802,1.9699111414191584,1.973347138305994,1.973347138305994
,55000.0,,,2e-06,13000.0,3.0,283.15,1603.15,0.1,sammon_2021_lower_crust,1044.0464720227953,1293.9693566065441,8181.540000000001,2944.00322609359,nan,nan,nan,nan,nan,nan,0.09194390774252162,0.0801837539800576,nan,nan,3.0104118413928096,2.1514752038929346,2.226652497694524,2.2308571892898863,2.2308571892898863
,55000.0,,,2e-06,13000.0,3.0,283.15,1603.15,0.1,hacker_2015_md_xenolith,1044.0464720227953,1293.9693566065441,8181.540000000001,2982.601980445604,nan,nan,nan,nan,nan,nan,0.09194390774252162,0.0801837539800576,nan,nan,3.04959913734586,2.235456946250857,2.314328604025659,2.318741284699001,2.318741284699001
,55000.0,,,2e-06,13000.0,3.0,283.15,1603.15,0.1,mackwell_1998_maryland_diabase,1044.0464720227953,1293.9693566065441,8181.540000000001,3041.6227724245346,nan,nan,nan,nan,nan,nan,0.09194390774252162,0.0801837539800576,nan,nan,3.107490751372927,2.188305365337814,2.262055137351185,2.2661740957686267,2.2661740957686267
,55000.0,,,2e-06,13000.0,3.0,283.15,1603.15,0.3,sammon_2021_deep_crust,1044.0464720227953,1293.9693566065441,8181.540000000001,2871.0314811986345,nan,nan,nan,nan,nan,nan,0.09194390774252162,0.0801837539800576,nan,nan,2.971895250685758,3.7517308304039423,3.882594028781212,3.889745892120923,3.889745892120923
,55000.0,,,2e-06,13000.0,3.0,283.15,1603.15,0.3,sammon_2021_lower_crust,1044.0464720227953,1293.9693566065441,8181.540000000001,2944.00322609359,nan,nan,nan,nan,nan,nan,0.09194390774252162,0.0801837539800576,nan,nan,3.0525005456059753,4.304259902364523,4.450400632327491,4.45834377881255,4.45834377881255
,55000.0,,,2e-06,13000.0,3.0,283.15,1603.15,0.3,hacker_2015_md_xenolith,1044.0464720227953,1293.9693566065441,8181.540000000001,2982.601980445604,nan,nan,nan,nan,nan,nan,0.09194390774252162,0.0801837539800576,nan,nan,3.094699895488969,4.487117890747944,4.6358261439881785,4.643891386793943,4.643891386793943
,55000.0,,,2e-06,13000.0,3.0,283.15,1603.15,0.3,mackwell_1998_maryland_diabase,1044.0464720227953,1293.9693566065441,8181.540000000001,3041.6227724245346,nan,nan,nan,nan,nan,nan,0.09194390774252162,0.0801837539800576,nan,nan,3.1536635938325244,4.369003205032557,4.501337778878014,4.508474689976323,4.508474689976323
,55000.0,,,2e-06,13000.0,3.0,283.15,1603.15,1.0,sammon_2021_deep_crust,1044.0464720227953,1293.9693566065441,8181.540000000001,2871.0314811986345,nan,nan,nan,nan,nan,nan,0.09194390774252162,0.0801837539800576,nan,nan,3.047426638780239,6.985215664607438,7.053959278057343,7.0567702188624875,7.0567702188624875
,55000.0,,,2e-06,13000.0,3.0,283.15,1603.15,1.0,sammon_2021_lower_crust,1044.0464720227953,1293.9693566065441,8181.540000000001,2944.00322609359,nan,nan,nan,nan,nan,nan,0.09194390774252162,0.0801837539800576,nan,nan,3.1429027288967997,7.872882708349193,7.90577098970639,7.906413152823006,7.906413152823006
,55000.0,,,2e-06,13000.0,3.0,283.15,1603.15,1.0,hacker_2015_md_xenolith,1044.0464720227953,1293.9693566065441,8181.540000000001,2982.601980445604,nan,nan,nan,nan,nan,nan,0.09194390774252162,0.0801837539800576,nan,nan,3.190894178176495,8.087629818921544,8.099101108675011,8.099106314626898,8.099106314626898
,55000.0,,,2e-06,13000.0,3.0,283.15,1603.15,1.0,mackwell_1998_maryland_diabase,1044.0464720227953,1293.9693566065441,8181.540000000001,3041.6227724245346,nan,nan,nan,nan,nan,nan,0.09194390774252162,0.0801837539800576,nan,nan,3.249925931051238,7.665582056554878,7.668128482159883,7.668138062191448,7.668138062191448
,55000.0,,,2e-06,13000.0,3.0,283.15,1603.15,3.0,sammon_2021_deep_crust,1044.0464720227953,1293.9693566065441,8181.540000000001,2871.0314811986345,nan,nan,nan,nan,nan,nan,0.09194390774252162,0.0801837539800576,nan,nan,3.137128893007151,9.062486797798432,9.066669022119981,9.066672857238682,9.066672857238682
,55000.0,,,2e-06,13000.0,3.0,283.15,1603.15,3.0,sammon_2021_lower_crust,1044.0464720227953,1293.9693566065441,8181.540000000001,2944.00322609359,nan,nan,nan,nan,nan,nan,0.09194390774252162,0.0801837539800576,nan,nan,3.2472542205140504,10.353750537759112,10.356046079539285,10.35611830213241,10.35611830213241
,55000.0,,,2e-06,13000.0,3.0,283.15,1603.15,3.0,hacker_2015_md_xenolith,1044.0464720227953,1293.9693566065441,8181.540000000001,2982.601980445604,nan,nan,nan,nan,nan,nan,0.09194390774252162,0.0801837539800576,nan,nan,3.297439680802556,10.521628566309973,10.525304648825667,10.525321980292176,10.525321980292176
,55000.0,,,2e-06,13000.0,3.0,283.15,1603.15,3.0,mackwell_1998_maryland_diabase,1044.0464720227953,1293.9693566065441,8181.540000000001,3041.6227724245346,75495.4954954955,20588.980540540546,1262.1414427867135,nan,nan,nan,0.09194390774252162,0.0801837539800576,0.01704435728840463,0.03219552614419241,3.353001964981355,10.16566338375102,10.168829792894496,10.168876133867032,10.168876133867032
,55000.0,,,2e-06,13000.0,3.0,283.15,1603.15,10.0,sammon_2021_deep_crust,1044.0464720227953,1293.9693566065441,8181.540000000001,2871.0314811986345,nan,nan,nan,nan,nan,nan,0.09194390774252162,0.0801837539800576,nan,nan,3.192576495883954,9.89077857403497,9.894469319023322,9.894492180234849,9.894492180234849
,55000.0,,,2e-06,13000.0,3.0,283.15,1603.15,10.0,sammon_2021_lower_crust,1044.0464720227953,1293.9693566065441,8181.540000000001,2944.00322609359,nan,nan,nan,nan,nan,nan,0.09194390774252162,0.0801837539800576,nan,nan,3.309288850555928,11.90169694517838,11.916193808474837,11.91630092950903,11.91630092950903
,55000.0,,,2e-06,13000.0,3.0,283.15,1603.15,10.0,hacker_2015_md_xenolith,1044.0464720227953,1293.9693566065441,8181.540000000001,2982.601980445604,72992.992992993,19906.503063063064,1245.2560704277525,nan,nan,nan,0.09194390774252162,0.0801837539800576,0.019338965130314884,0.035712106099407226,3.35651854493657,11.694801492169173,11.69942691763408,11.69949466910666,11.69949466910666
,55000.0,,,2e-06,13000.0,3.0,283.15,1603.15,10.0,mackwell_1998_maryland_diabase,1044.0464720227953,1293.9693566065441,8181.540000000001,3041.6227724245346,64884.88488488489,17695.276036036037,1194.4568021827524,21817.44,1293.9693566065441,80000.0,0.09194390774252162,0.0801837539800576,0.052061142786150115,0.0835689180609851,3.404375356898148,11.563585834141138,11.569712560360681,11.569783481061057,11.569783481061057
,55000.0,,,2e-06,13000.0,3.0,283.15,1603.15,30.0,sammon_2021_deep_crust,1044.0464720227953,1293.9693566065441,8181.540000000001,2871.0314811986345,nan,nan,nan,nan,nan,nan,0.09194390774252162,0.0801837539800576,nan,nan,3.224983037292918,10.046421968515087,10.060447788750077,10.060549953604799,10.060549953604799
,55000.0,,,2e-06,13000.0,3.0,283.15,1603.15,30.0,sammon_2021_lower_crust,1044.0464720227953,1293.9693566065441,8181.540000000001,2944.00322609359,75895.8958958959,20698.17693693694,1264.895918952893,21667.29495495496,1289.980360975744,79449.44944944946,0.09194390774252162,0.0801837539800576,0.008769621470860621,0.016074343337238783,3.3368807821744015,12.17297133444931,12.181102598645811,12.18112322386662,12.18112322386662
,55000.0,,,2e-06,13000.0,3.0,283.15,1603.15,30.0,hacker_2015_md_xenolith,1044.0464720227953,1293.9693566065441,8181.540000000001,2982.601980445604,68538.53853853853,18691.69315315315,1216.6082843946965,21694.59405405406,1290.7035839892255,79549.54954954956,0.09194390774252162,0.0801837539800576,0.03503854711261641,0.06104190782408914,3.381848346661252,13.04245680170622,13.065411665725486,13.065477064966366,13.065477064966366
,55000.0,,,2e-06,13000.0,3.0,283.15,1603.15,30.0,mackwell_1998_maryland_diabase,1044.0464720227953,1293.9693566065441,8181.540000000001,3041.6227724245346,58378.37837837837,15920.834594594595,1158.0129006327033,19715.409369369372,1240.6301568213735,72292.29229229229,0.09194390774252162,0.0801837539800576,0.06529320425097987,0.09871888684366592,3.4195253256808287,13.812235607708931,13.833161581465042,13.833359181529646,13.833359181529646
,55000.0,,,2e-06,13000.0,3.0,283.15,1603.15,100.0,sammon_2021_deep_crust,1044.0464720227953,1293.9693566065441,8181.540000000001,2871.0314811986345,nan,nan,nan,21435.252612612614,1283.8697320813312,78598.59859859859,0.09194390774252162,0.0801837539800576,nan,nan,3.2561151665902757,14.386586500093426,14.463689850226775,14.464078918074133,14.464078918074133
,55000.0,,,2e-06,13000.0,3.0,283.15,1603.15,100.0,sammon_2021_lower_crust,1044.0464720227953,1293.9693566065441,8181.540000000001,2944.00322609359,71141.14114114114,19401.46972972973,1233.1273099665461,20015.699459459465,1247.9194835098879,73393.3933933934,0.09194390774252162,0.0801837539800576,0.02045835527209656,0.02868619037079556,3.3494926292079583,17.39027626059291,17.45459529675997,17.454746735553705,17.454746735553705
,55000.0,,,2e-06,13000.0,3.0,283.15,1603.15,100.0,hacker_2015_md_xenolith,1044.0464720227953,1293.9693566065441,8181.540000000001,2982.601980445604,66536.53653653653,18145.711171171173,1204.3202318337248,20193.143603603607,1252.2786050457871,74044.04404404404,0.09194390774252162,0.0801837539800576,0.04881716935752852,0.07353329607691039,3.394339734914073,18.819855854942688,18.878540146144157,18.878867248375908,18.878867248375908
,55000.0,,,2e-06,13000.0,3.0,283.15,1603.15,100.0,mackwell_1998_maryland_diabase,1044.0464720227953,1293.9693566065441,8181.540000000001,3041.6227724245346,55425.42542542542,15115.511171171172,1142.7422816457915,18486.949909909912,1211.9575788636862,67787.78778778779,0.09194390774252162,0.0801837539800576,0.07017179422551306,0.10004615157607022,3.420852590413233,19.791342391896833,19.822319999673574,19.82283172026444,19.82283172026444
,55000.0,,,2e-06,13000.0,3.0,283.15,1603.15,300.0,sammon_2021_deep_crust,1044.0464720227953,1293.9693566065441,8181.540000000001,2871.0314811986345,nan,nan,nan,20466.134594594594,1259.060072914585,75045.04504504504,0.09194390774252162,0.0801837539800576,nan,nan,3.2650755380451963,20.448015175629855,20.53204786908109,20.53351795136491,20.53351795136491
,55000.0,,,2e-06,13000.0,3.0,283.15,1603.15,300.0,sammon_2021_lower_crust,1044.0464720227953,1293.9693566065441,8181.540000000001,2944.00322609359,68438.43843843843,18664.394054054053,1215.9852307736637,19101.179639639642,1226.0633644110421,70040.04004004004,0.09194390774252162,0.0801837539800576,0.02535079045099379,0.02974888051088609,3.350555319348049,24.576307239557273,24.715848240779295,24.715914035259285,24.715914035259285
,55000.0,,,2e-06,13000.0,3.0,283.15,1603.15,300.0,hacker_2015_md_xenolith,1044.0464720227953,1293.9693566065441,8181.540000000001,2982.601980445604,65685.68568568569,17913.66882882883,1199.2081096558609,19387.820180180184,1232.8038311262487,71091.09109109109,0.09194390774252162,0.0801837539800576,0.05713030688739919,0.074326940931849,3.3951333797690117,26.71934189412758,26.94243763386528,26.944732739105703,26.944732739105703
,55000.0,,,2e-06,13000.0,3.0,283.15,1603.15,300.0,mackwell_1998_maryland_diabase,1044.0464720227953,1293.9693566065441,8181.540000000001,3041.6227724245346,54974.974974974975,14992.665225225226,1140.482528449455,17927.318378378382,1199.5070014634662,65735.73573573574,0.09194390774252162,0.0801837539800576,0.0738049800009883,0.09968232399047317,3.420488762827636,28.118813748177057,28.177746957800906,28.18082747185159,28.18082747185159
,55000.0,,,2e-06,13000.0,3.0,283.15,1603.15,1000.0,sammon_2021_deep_crust,1044.0464720227953,1293.9693566065441,8181.540000000001,2871.0314811986345,nan,nan,nan,20002.049909909914,1247.5857600726354,73343.34334334335,0.09194390774252162,0.0801837539800576,nan,nan,3.265466404973723,28.629289812924014,28.932936898799984,28.93334143863163,28.93334143863163
,55000.0,,,2e-06,13000.0,3.0,283.15,1603.15,1000.0,sammon_2021_lower_crust,1044.0464720227953,1293.9693566065441,8181.540000000001,2944.00322609359,66636.63663663663,18173.010270270268,1204.9259834687891,18541.54810810811,1213.1927585356666,67987.98798798799,0.09194390774252162,0.0801837539800576,0.027235107461379717,0.030054985670276313,3.350861424507439,34.160676060393385,34.87458442518484,34.882107758016595,34.882107758016595
,55000.0,,,2e-06,13000.0,3.0,283.15,1603.15,1000.0,hacker_2015_md_xenolith,1044.0464720227953,1293.9693566065441,8181.540000000001,2982.601980445604,65085.085085085084,17749.874234234234,1195.6391652659868,18869.1372972973,1220.6803295581456,69189.18918918919,0.09194390774252162,0.0801837539800576,0.06214839785585359,0.07455145835479282,3.3953578971919556,34.909002130345634,36.485801077667475,36.60159885643696,36.60159885643696
,55000.0,,,2e-06,13000.0,3.0,283.15,1603.15,1000.0,mackwell_1998_maryland_diabase,1044.0464720227953,1293.9693566065441,8181.540000000001,3041.6227724245346,54824.82482482483,14951.716576576579,1139.7333752227914,17640.67783783784,1193.2780816228799,64684.68468468469,0.09194390774252162,0.0801837539800576,0.07565015022880993,0.099330051325214,3.4201364901623768,33.28174819263502,35.26200880977446,35.41787618623381,35.41787618623381
,55000.0,,,2e-06,13000.0,3.0,283.15,1603.15,3000.0,sammon_2021_deep_crust,1044.0464720227953,1293.9693566065441,8181.540000000001,2871.0314811986345,nan,nan,nan,19824.605765765766,1243.2680722399762,72692.69269269268,0.09194390774252162,0.0801837539800576,nan,nan,3.2655233082981496,34.24184148302912,35.52778685412525,35.61380459066157,35.61380459066157
,55000.0,,,2e-06,13000.0,3.0,283.15,1603.15,3000.0,sammon_2021_lower_crust,1044.0464720227953,1293.9693566065441,8181.540000000001,2944.00322609359,65935.93593593594,17981.91657657658,1200.704845270988,18336.804864864866,1208.5796165268248,67237.23723723723,0.09194390774252162,0.0801837539800576,0.027780957558568315,0.030097057268905658,3.3509034961060684,42.820087800810164,43.799281914599604,43.82612460999793,43.82612460999793
,55000.0,,,2e-06,13000.0,3.0,283.15,1603.15,3000.0,hacker_2015_md_xenolith,1044.0464720227953,1293.9693566065441,8181.540000000001,2982.601980445604,64684.68468468469,17640.67783783784,1193.2780816228799,18664.394054054053,1215.9852307736637,68438.43843843843,0.09194390774252162,0.0801837539800576,0.06386274416430837,0.07459461555281921,3.395401054389982,35.29035778721651,38.12705728408013,38.35915537506325,38.35915537506325
,55000.0,,,2e-06,13000.0,3.0,283.15,1603.15,3000.0,mackwell_1998_maryland_diabase,1044.0464720227953,1293.9693566065441,8181.540000000001,3041.6227724245346,54774.77477477478,14938.06702702703,1139.4841127959905,17531.481441441443,1190.93156807322,64284.28428428428,0.09194390774252162,0.0801837539800576,0.07631416827419728,0.09913553417834065,3.4199419730155034,30.776151255395778,33.94494233595084,34.20915684927581,34.20915684927581
,55000.0,,,2e-06,13000.0,3.0,283.15,1603.15,10000.0,sammon_2021_deep_crust,1044.0464720227953,1293.9693566065441,8181.540000000001,2871.0314811986345,nan,nan,nan,19756.358018018018,1241.6176676705236,72442.44244244244,0.09194390774252162,0.0801837539800576,nan,nan,3.265537635622966,35.978033079290164,37.49011977165085,37.60958378161267,37.60958378161267
,55000.0,,,2e-06,13000.0,3.0,283.15,1603.15,10000.0,sammon_2021_lower_crust,1044.0464720227953,1293.9693566065441,8181.540000000001,2944.00322609359,65735.73573573574,17927.318378378382,1199.5070014634662,18254.90756756757,1206.748702159025,66936.93693693694,0.09194390774252162,0.0801837539800576,0.028172727984692725,0.030109732775224884,3.3509161716123876,45.84329338020869,47.450335488650865,47.575402667899624,47.575402667899624
,55000.0,,,2e-06,13000.0,3.0,283.15,1603.15,10000.0,hacker_2015_md_xenolith,1044.0464720227953,1293.9693566065441,8181.540000000001,2982.601980445604,64434.434434434435,17572.430090090093,1191.8098032215166,18568.847207207207,1213.8117143179174,68088.08808808809,0.09194390774252162,0.0801837539800576,0.06426351684775589,0.07459898139843046,3.395405420235593,35.399540772989795,39.01195874908731,39.28530250034434,39.28530250034434
,55000.0,,,2e-06,13000.0,3.0,283.15,1603.15,10000.0,mackwell_1998_maryland_diabase,1044.0464720227953,1293.9693566065441,8181.540000000001,3041.6227724245346,54724.72472472473,14924.417477477478,1139.2350780268998,17476.883243243243,1189.7637750834324,64084.08408408408,0.09194390774252162,0.0801837539800576,0.07649759729575668,0.09901701161727106,3.419823450454434,27.133702795670878,31.99683793785345,32.368945295131574,32.368945295131574
,60000.0,,,1.95e-06,12500.0,3.0,283.15,1603.15,0.01,sammon_2021_deep_crust,985.1356247113771,1241.7144423920147,8181.540000000001,2879.659202974751,nan,nan,nan,nan,nan,nan,0.08533866668423332,0.07631977782462214,nan,nan,2.919686083547899,0.9655465334453632,0.9655465334453632,0.9658620243988216,0.9658620243988216
,60000.0,,,1.95e-06,12500.0,3.0,283.15,1603.15,0.01,sammon_2021_lower_crust,985.1356247113771,1241.7144423920147,8181.540000000001,2949.114628700882,nan,nan,nan,nan,nan,nan,0.08533866668423332,0.07631977782462214,nan,nan,2.98559047218833,0.8252516667466674,0.8252516667466674,0.8254364322777039,0.8254364322777039
,60000.0,,,1.95e-06,12500.0,3.0,283.15,1603.15,0.01,hacker_2015_md_xenolith,985.1356247113771,1241.7144423920147,8181.540000000001,2986.8068940116195,nan,nan,nan,nan,nan,nan,0.08533866668423332,0.07631977782462214,nan,nan,3.0226519343648115,0.7948924120471977,0.7948924120471977,0.7950424658254384,0.7950424658254384
,60000.0,,,1.95e-06,12500.0,3.0,283.15,1603.15,0.01,mackwell_1998_maryland_diabase,985.1356247113771,1241.7144423920147,8181.540000000001,3045.9393348109757,nan,nan,nan,nan,nan,nan,0.08533866668423332,0.07631977782462214,nan,nan,3.079935829353691,0.7641697402145566,0.7641697402145566,0.7643257337641015,0.7643257337641015
,60000.0,,,1.95e-06,12500.0,3.0,283.15,1603.15,0.03,sammon_2021_deep_crust,985.1356247113771,1241.7144423920147,8181.540000000001,2879.659202974751,nan,nan,nan,nan,nan,nan,0.08533866668423332,0.07631977782462214,nan,nan,2.9256278874525368,0.9962576912592324,1.0116126750768457,1.012491147576065,1.012491147576065
,60000.0,,,1.95e-06,12500.0,3.0,283.15,1603.15,0.03,sammon_2021_lower_crust,985.1356247113771,1241.7144423920147,8181.540000000001,2949.114628700882,nan,nan,nan,nan,nan,nan,0.08533866668423332,0.07631977782462214,nan,nan,2.9927905995480826,1.054862848850485,1.0771063198948845,1.0783715183222145,1.0783715183222145
,60000.0,,,1.95e-06,12500.0,3.0,283.15,1603.15,0.03,hacker_2015_md_xenolith,985.1356247113771,1241.7144423920147,8181.540000000001,2986.8068940116195,nan,nan,nan,nan,nan,nan,0.08533866668423332,0.07631977782462214,nan,nan,3.0302628961772595,1.0785837223196193,1.102720375822145,1.1040919904201716,1.1040919904201716
,60000.0,,,1.95e-06,12500.0,3.0,283.15,1603.15,0.03,mackwell_1998_maryland_diabase,985.1356247113771,1241.7144423920147,8181.540000000001,3045.9393348109757,nan,nan,nan,nan,nan,nan,0.08533866668423332,0.07631977782462214,nan,nan,3.087573883288649,1.0320892115414584,1.055064360417271,1.0563692499850483,1.0563692499850483
,60000.0,,,1.95e-06,12500.0,3.0,283.15,1603.15,0.1,sammon_2021_deep_crust,985.1356247113771,1241.7144423920147,8181.540000000001,2879.659202974751,nan,nan,nan,nan,nan,nan,0.08533866668423332,0.07631977782462214,nan,nan,2.9417609324035316,1.8725216631086394,1.9359784000256464,1.9395422199094283,1.9395422199094283
,60000.0,,,1.95e-06,12500.0,3.0,283.15,1603.15,0.1,sammon_2021_lower_crust,985.1356247113771,1241.7144423920147,8181.540000000001,2949.114628700882,nan,nan,nan,nan,nan,nan,0.08533866668423332,0.07631977782462214,nan,nan,3.0125697607074633,2.088756402186262,2.164627432419035,2.1688867727615255,2.1688867727615255
,60000.0,,,1.95e-06,12500.0,3.0,283.15,1603.15,0.1,hacker_2015_md_xenolith,985.1356247113771,1241.7144423920147,8181.540000000001,2986.8068940116195,nan,nan,nan,nan,nan,nan,0.08533866668423332,0.07631977782462214,nan,nan,3.0513189938260146,2.164530775134166,2.243783703485697,2.248232399826999,2.248232399826999
,60000.0,,,1.95e-06,12500.0,3.0,283.15,1603.15,0.1,mackwell_1998_maryland_diabase,985.1356247113771,1241.7144423920147,8181.540000000001,3045.9393348109757,nan,nan,nan,nan,nan,nan,0.08533866668423332,0.07631977782462214,nan,nan,3.109039904449565,2.108562103322825,2.1827600140489722,2.1869146146922245,2.1869146146922245
,60000.0,,,1.95e-06,12500.0,3.0,283.15,1603.15,0.3,sammon_2021_deep_crust,985.1356247113771,1241.7144423920147,8181.540000000001,2879.659202974751,nan,nan,nan,nan,nan,nan,0.08533866668423332,0.07631977782462214,nan,nan,2.9767438344488637,3.7526936071548933,3.8894650211934803,3.89696549523917,3.89696549523917
,60000.0,,,1.95e-06,12500.0,3.0,283.15,1603.15,0.3,sammon_2021_lower_crust,985.1356247113771,1241.7144423920147,8181.540000000001,2949.114628700882,nan,nan,nan,nan,nan,nan,0.08533866668423332,0.07631977782462214,nan,nan,3.0550093196989665,4.259481820252892,4.412329436536149,4.420681822591347,4.420681822591347
,60000.0,,,1.95e-06,12500.0,3.0,283.15,1603.15,0.3,hacker_2015_md_xenolith,985.1356247113771,1241.7144423920147,8181.540000000001,2986.8068940116195,nan,nan,nan,nan,nan,nan,0.08533866668423332,0.07631977782462214,nan,nan,3.096604711364008,4.428903376477625,4.584602665363976,4.593098065179429,4.593098065179429
,60000.0,,,1.95e-06,12500.0,3.0,283.15,1603.15,0.3,mackwell_1998_maryland_diabase,985.1356247113771,1241.7144423920147,8181.540000000001,3045.9393348109757,nan,nan,nan,nan,nan,nan,0.08533866668423332,0.07631977782462214,nan,nan,3.154919156944307,4.290817219761078,4.4302870693121665,4.437873112240939,4.437873112240939
,60000.0,,,1.95e-06,12500.0,3.0,283.15,1603.15,1.0,sammon_2021_deep_crust,985.1356247113771,1241.7144423920147,8181.540000000001,2879.659202974751,nan,nan,nan,nan,nan,nan,0.08533866668423332,0.07631977782462214,nan,nan,3.0570447764053386,7.18667106632392,7.264068271068014,7.2673036793177745,7.2673036793177745
,60000.0,,,1.95e-06,12500.0,3.0,283.15,1603.15,1.0,sammon_2021_lower_crust,985.1356247113771,1241.7144423920147,8181.540000000001,2949.114628700882,nan,nan,nan,nan,nan,nan,0.08533866668423332,0.07631977782462214,nan,nan,3.149623448544113,8.016507179019898,8.064267228320318,8.065731572394155,8.065731572394155
,60000.0,,,1.95e-06,12500.0,3.0,283.15,1603.15,1.0,hacker_2015_md_xenolith,985.1356247113771,1241.7144423920147,8181.540000000001,2986.8068940116195,nan,nan,nan,nan,nan,nan,0.08533866668423332,0.07631977782462214,nan,nan,3.196865392231717,8.224953242791337,8.252409988337206,8.252632025742757,8.252632025742757
,60000.0,,,1.95e-06,12500.0,3.0,283.15,1603.15,1.0,mackwell_1998_maryland_diabase,985.1356247113771,1241.7144423920147,8181.540000000001,3045.9393348109757,nan,nan,nan,nan,nan,nan,0.08533866668423332,0.07631977782462214,nan,nan,3.2541383440242186,7.744322405102027,7.745275038546686,7.745287717176905,7.745287717176905
,60000.0,,,1.95e-06,12500.0,3.0,283.15,1603.15,3.0,sammon_2021_deep_crust,985.1356247113771,1241.7144423920147,8181.540000000001,2879.659202974751,nan,nan,nan,nan,nan,nan,0.08533866668423332,0.07631977782462214,nan,nan,3.1564911382767296,9.587845861819549,9.590248304367083,9.590282973398203,9.590282973398203
,60000.0,,,1.95e-06,12500.0,3.0,283.15,1603.15,3.0,sammon_2021_lower_crust,985.1356247113771,1241.7144423920147,8181.540000000001,2949.114628700882,nan,nan,nan,nan,nan,nan,0.08533866668423332,0.07631977782462214,nan,nan,3.2632150388456083,10.742086500012523,10.744781957420276,10.744808750181404,10.744808750181404
,60000.0,,,1.95e-06,12500.0,3.0,283.15,1603.15,3.0,hacker_2015_md_xenolith,985.1356247113771,1241.7144423920147,8181.540000000001,2986.8068940116195,nan,nan,nan,nan,nan,nan,0.08533866668423332,0.07631977782462214,nan,nan,3.312514411881339,10.913737060913594,10.916126569358497,10.91613655398228,10.91613655398228
,60000.0,,,1.95e-06,12500.0,3.0,283.15,1603.15,3.0,mackwell_1998_maryland_diabase,985.1356247113771,1241.7144423920147,8181.540000000001,3045.9393348109757,74844.84484484485,20411.536396396397,1204.4755631212358,nan,nan,nan,0.08533866668423332,0.07631977782462214,0.020510905538651782,0.038366073547797086,3.364538702891687,10.374984248948875,10.379215479104232,10.379253130579922,10.379253130579922
,60000.0,,,1.95e-06,12500.0,3.0,283.15,1603.15,10.0,sammon_2021_deep_crust,985.1356247113771,1241.7144423920147,8181.540000000001,2879.659202974751,nan,nan,nan,nan,nan,nan,0.08533866668423332,0.07631977782462214,nan,nan,3.217287932466953,11.243638196971062,11.24865534308378,11.248675427396524,11.248675427396524
,60000.0,,,1.95e-06,12500.0,3.0,283.15,1603.15,10.0,sammon_2021_lower_crust,985.1356247113771,1241.7144423920147,8181.540000000001,2949.114628700882,79549.54954954956,21694.59405405406,1238.3616958903851,nan,nan,nan,0.08533866668423332,0.07631977782462214,0.0008257672518123371,0.001637690823893756,3.3278103201677838,13.075082289003115,13.090740226871677,13.090747874592367,13.090747874592367
,60000.0,,,1.95e-06,12500.0,3.0,283.15,1603.15,10.0,hacker_2015_md_xenolith,985.1356247113771,1241.7144423920147,8181.540000000001,2986.8068940116195,70390.39039039038,19196.72648648649,1174.2951885661525,nan,nan,nan,0.08533866668423332,0.07631977782462214,0.026827814612052813,0.04792383968599223,3.3740964690298823,13.010732458661895,13.025619487001052,13.025669528688278,13.025669528688278
,60000.0,,,1.95e-06,12500.0,3.0,283.15,1603.15,10.0,mackwell_1998_maryland_diabase,985.1356247113771,1241.7144423920147,8181.540000000001,3045.9393348109757,63533.53353353353,17326.7381981982,1131.4559878913083,21762.841801801806,1240.2219956289525,79799.7997997998,0.08533866668423332,0.07631977782462214,0.05770672427407021,0.09006681597518718,3.416239445319077,12.756258069033194,12.760087837942944,12.760149255404102,12.760149255404102
,60000.0,,,1.95e-06,12500.0,3.0,283.15,1603.15,30.0,sammon_2021_deep_crust,985.1356247113771,1241.7144423920147,8181.540000000001,2879.659202974751,nan,nan,nan,nan,nan,nan,0.08533866668423332,0.07631977782462214,nan,nan,3.2543176661966804,10.319096112033275,10.32615232589928,10.326164668770005,10.326164668770005
,60000.0,,,1.95e-06,12500.0,3.0,283.15,1603.15,30.0,sammon_2021_lower_crust,985.1356247113771,1241.7144423920147,8181.540000000001,2949.114628700882,71741.74174174175,19565.264324324326,1183.2554083246023,21025.766126126127,1220.4399709097552,77097.0970970971,0.08533866668423332,0.07631977782462214,0.01709159055102382,0.029120984237000602,3.3552936135808906,12.806030552993352,12.814980346943317,12.815609975612984,12.815609975612984
,60000.0,,,1.95e-06,12500.0,3.0,283.15,1603.15,30.0,hacker_2015_md_xenolith,985.1356247113771,1241.7144423920147,8181.540000000001,2986.8068940116195,64734.73473473473,17654.327387387388,1138.6437401420787,21025.766126126127,1220.4399709097552,77097.0970970971,0.08533866668423332,0.07631977782462214,0.044710103734674315,0.07402264013319693,3.400195269477087,12.29650305165838,12.30236342117886,12.302407681239314,12.302407681239314
,60000.0,,,1.95e-06,12500.0,3.0,283.15,1603.15,30.0,mackwell_1998_maryland_diabase,985.1356247113771,1241.7144423920147,8181.540000000001,3045.9393348109757,57027.02702702703,15552.29675675676,1094.8618738556302,19360.521081081082,1178.256473597754,70990.99099099099,0.08533866668423332,0.07631977782462214,0.07331951231712895,0.10539933033069948,3.4315719596745895,13.078331955217982,13.08681272264463,13.086835379479238,13.086835379479238
,60000.0,,,1.95e-06,12500.0,3.0,283.15,1603.15,100.0,sammon_2021_deep_crust,985.1356247113771,1241.7144423920147,8181.540000000001,2879.659202974751,nan,nan,nan,20275.0409009009,1200.9921901325292,74344.34434434434,0.08533866668423332,0.07631977782462214,nan,nan,3.276679514964445,13.260557822415844,13.276234360915678,13.27657290168502,13.27657290168502
,60000.0,,,1.95e-06,12500.0,3.0,283.15,1603.15,100.0,sammon_2021_lower_crust,985.1356247113771,1241.7144423920147,8181.540000000001,2949.114628700882,66436.43643643643,18118.41207207207,1149.0568377527625,19046.58144144144,1170.693576286317,69839.83983983984,0.08533866668423332,0.07631977782462214,0.028527347836919428,0.03653178610884966,3.3627044154527397,15.991270009365326,16.03161666839926,16.032093726363826,16.032093726363826
,60000.0,,,1.95e-06,12500.0,3.0,283.15,1603.15,100.0,hacker_2015_md_xenolith,985.1356247113771,1241.7144423920147,8181.540000000001,2986.8068940116195,61981.98198198198,16903.602162162162,1122.371054778942,19169.427387387386,1173.6382464837145,70290.29029029029,0.08533866668423332,0.07631977782462214,0.05954662220799488,0.08123316625803678,3.407405795601927,17.329831118625776,17.353412800167547,17.353802743273206,17.353802743273206
,60000.0,,,1.95e-06,12500.0,3.0,283.15,1603.15,100.0,mackwell_1998_maryland_diabase,985.1356247113771,1241.7144423920147,8181.540000000001,3045.9393348109757,53473.473473473474,14583.17873873874,1076.5435716281377,17831.771531531533,1142.5933157676998,65385.38538538539,0.08533866668423332,0.07631977782462214,0.07918491949630749,0.10558672004011704,3.431759349384007,18.252893129480945,18.297832349381565,18.298141027668073,18.298141027668073
,60000.0,,,1.95e-06,12500.0,3.0,283.15,1603.15,300.0,sammon_2021_deep_crust,985.1356247113771,1241.7144423920147,8181.540000000001,2879.659202974751,nan,nan,nan,19155.77783783784,1173.3101260235128,70240.24024024024,0.08533866668423332,0.07631977782462214,nan,nan,3.2782937461755557,18.664260725763924,18.72325160630625,18.723989111215158,18.723989111215158
,60000.0,,,1.95e-06,12500.0,3.0,283.15,1603.15,300.0,sammon_2021_lower_crust,985.1356247113771,1241.7144423920147,8181.540000000001,2949.114628700882,63383.38338338338,17285.78954954955,1130.5669845474313,17968.26702702703,1145.6583287423302,65885.88588588589,0.08533866668423332,0.07631977782462214,0.032930115745706395,0.037518712835673984,3.363691342179564,22.398194360582668,22.56001246689198,22.5616869161287,22.5616869161287
,60000.0,,,1.95e-06,12500.0,3.0,283.15,1603.15,300.0,hacker_2015_md_xenolith,985.1356247113771,1241.7144423920147,8181.540000000001,2986.8068940116195,60680.680680680685,16548.713873873876,1114.9246204814792,18186.65981981982,1150.6109634028164,66686.68668668668,0.08533866668423332,0.07631977782462214,0.06707519764725747,0.08183434270288759,3.4080069720467776,24.544499259047768,24.64177051025741,24.641799524604004,24.641799524604004
,60000.0,,,1.95e-06,12500.0,3.0,283.15,1603.15,300.0,mackwell_1998_maryland_diabase,985.1356247113771,1241.7144423920147,8181.540000000001,3045.9393348109757,52872.872872872875,14419.384144144147,1073.5639134452056,17108.34540540541,1126.738943674503,62732.73273273274,0.08533866668423332,0.07631977782462214,0.0828376670897673,0.10499651875639815,3.431169148100288,25.561640443031145,25.83142349606824,25.833646713720686,25.833646713720686
,60000.0,,,1.95e-06,12500.0,3.0,283.15,1603.15,1000.0,sammon_2021_deep_crust,985.1356247113771,1241.7144423920147,8181.540000000001,2879.659202974751,nan,nan,nan,18568.847207207207,1159.422045996472,68088.08808808809,0.08533866668423332,0.07631977782462214,nan,nan,3.2783090657055625,26.408661577381725,26.682660259096032,26.682787060747334,26.682787060747334
,60000.0,,,1.95e-06,12500.0,3.0,283.15,1603.15,1000.0,sammon_2021_lower_crust,985.1356247113771,1241.7144423920147,8181.540000000001,2949.114628700882,61331.33133133133,16726.15801801802,1118.6280882328979,17299.4390990991,1130.863085274712,63433.433433433434,0.08533866668423332,0.07631977782462214,0.03475689087239692,0.037718277994178706,3.3638909073380687,31.25744592618504,32.07858560701746,32.07864633356873,32.07864633356873
,60000.0,,,1.95e-06,12500.0,3.0,283.15,1603.15,1000.0,hacker_2015_md_xenolith,985.1356247113771,1241.7144423920147,8181.540000000001,2986.8068940116195,59529.52952952953,16234.774234234235,1108.4690917436126,17558.78054054054,1136.5334060219145,64384.384384384386,0.08533866668423332,0.07631977782462214,0.0710242174514995,0.08201218079846395,3.408184810142354,34.803711262149506,34.803711262149506,34.87191633861092,34.87191633861092
,60000.0,,,1.95e-06,12500.0,3.0,283.15,1603.15,1000.0,mackwell_1998_maryland_diabase,985.1356247113771,1241.7144423920147,8181.540000000001,3045.9393348109757,52572.57257257257,14337.486846846847,1072.0867052703654,16644.260720720722,1116.9138872903075,61031.03103103103,0.08533866668423332,0.07631977782462214,0.08532551498426517,0.10474426025412287,3.430916889598013,34.726249817972985,34.726249817972985,34.840088253135974,34.840088253135974
,60000.0,,,1.95e-06,12500.0,3.0,283.15,1603.15,3000.0,sammon_2021_deep_crust,985.1356247113771,1241.7144423920147,8181.540000000001,2879.659202974751,nan,nan,nan,18350.454414414417,1154.3647044721279,67287.28728728728,0.08533866668423332,0.07631977782462214,nan,nan,3.2782608190819773,33.794605471063775,33.794605471063775,33.860027392078955,33.860027392078955
,60000.0,,,1.95e-06,12500.0,3.0,283.15,1603.15,3000.0,sammon_2021_lower_crust,985.1356247113771,1241.7144423920147,8181.540000000001,2949.114628700882,60580.58058058058,16521.414774774774,1114.358362022204,17053.74720720721,1125.5690314474314,62532.53253253253,0.08533866668423332,0.07631977782462214,0.03537110833063356,0.03768737908999542,3.3638600084338854,41.158065245713445,41.158065245713445,41.171457152440006,41.171457152440006
,60000.0,,,1.95e-06,12500.0,3.0,283.15,1603.15,3000.0,hacker_2015_md_xenolith,985.1356247113771,1241.7144423920147,8181.540000000001,2986.8068940116195,58828.82882882883,16043.680540540543,1104.6001731240574,17299.4390990991,1130.863085274712,63433.433433433434,0.08533866668423332,0.07631977782462214,0.07209400782725124,0.08198452948846846,3.4081571588323585,37.48787120955025,37.48787120955025,37.700583521927605,37.700583521927605
,60000.0,,,1.95e-06,12500.0,3.0,283.15,1603.15,3000.0,mackwell_1998_maryland_diabase,985.1356247113771,1241.7144423920147,8181.540000000001,3045.9393348109757,52522.52252252252,14323.8372972973,1071.8413219302658,16398.56882882883,1111.8217681290391,60130.13013013013,0.08533866668423332,0.07631977782462214,0.08701053918728599,0.10467460822872043,3.4308472375726105,34.30589979888427,34.30589979888427,34.55212835977209,34.55212835977209
,60000.0,,,1.95e-06,12500.0,3.0,283.15,1603.15,10000.0,sammon_2021_deep_crust,985.1356247113771,1241.7144423920147,8181.540000000001,2879.659202974751,nan,nan,nan,18254.90756756757,1152.170932069827,66936.93693693694,0.08533866668423332,0.07631977782462214,nan,nan,3.278240835162747,36.20550549039882,36.20550549039882,36.32349271234518,36.32349271234518
,60000.0,,,1.95e-06,12500.0,3.0,283.15,1603.15,10000.0,sammon_2021_lower_crust,985.1356247113771,1241.7144423920147,8181.540000000001,2949.114628700882,60380.380380380375,16466.816576576577,1113.2286497517925,16958.200360360363,1123.5306832961699,62182.18218218218,0.08533866668423332,0.07631977782462214,0.03578675281057606,0.03766514927853448,3.3638377786224245,45.833254761187234,45.833254761187234,45.948845990722084,45.948845990722084
,60000.0,,,1.95e-06,12500.0,3.0,283.15,1603.15,10000.0,hacker_2015_md_xenolith,985.1356247113771,1241.7144423920147,8181.540000000001,2986.8068940116195,58528.52852852853,15961.783243243244,1102.9560883849433,17190.242702702704,1128.5008236354572,63033.03303303303,0.08533866668423332,0.07631977782462214,0.07241942319919505,0.0819603313432351,3.408132960687125,37.93356118080012,37.93356118080012,38.2173087506982,38.2173087506982
,60000.0,,,1.95e-06,12500.0,3.0,283.15,1603.15,10000.0,mackwell_1998_maryland_diabase,985.1356247113771,1241.7144423920147,8181.540000000001,3045.9393348109757,52472.47247247247,14310.18774774775,1071.5961723108446,16289.372432432434,1109.5829110079028,59729.729729729734,0.08533866668423332,0.07631977782462214,0.08784696018140536,0.1046464087650616,3.4308190381089516,31.308499864446873,31.308499864446873,31.686313466350523,31.686313466350523
,65500.0,,,1.9e-06,12000.0,3.0,283.15,1603.15,0.01,sammon_2021_deep_crust,929.8509800477067,1187.2560362340732,8181.540000000001,2896.9925500858494,nan,nan,nan,nan,nan,nan,0.07909871319222063,0.07238028352531096,nan,nan,2.9365076070521265,0.9460680409863036,0.9476641745141983,0.9479309129115431,0.9479309129115431
,65500.0,,,1.9e-06,12000.0,3.0,283.15,1603.15,0.01,sammon_2021_lower_crust,929.8509800477067,1187.2560362340732,8181.540000000001,2954.288931166802,nan,nan,nan,nan,nan,nan,0.07909871319222063,0.07238028352531096,nan,nan,2.9903037675571715,0.8259850793402688,0.8270543370176895,0.8272382506637862,0.8272382506637862
,65500.0,,,1.9e-06,12000.0,3.0,283.15,1603.15,0.01,hacker_2015_md_xenolith,929.8509800477067,1187.2560362340732,8181.540000000001,3071.2895014819414,nan,nan,nan,nan,nan,nan,0.07909871319222063,0.07238028352531096,nan,nan,3.1046323695518767,0.781991883531093,0.7831901564282592,0.7833908668301323,0.7833908668301323
,65500.0,,,1.9e-06,12000.0,3.0,283.15,1603.15,0.01,mackwell_1998_maryland_diabase,929.8509800477067,1187.2560362340732,8181.540000000001,3175.8016114206516,nan,nan,nan,nan,nan,nan,0.07909871319222063,0.07238028352531096,nan,nan,3.2051208249407352,0.7370659310829989,0.7384580701357393,0.7386903813628035,0.7386903813628035
,65500.0,,,1.9e-06,12000.0,3.0,283.15,1603.15,0.03,sammon_2021_deep_crust,929.8509800477067,1187.2560362340732,8181.540000000001,2896.9925500858494,nan,nan,nan,nan,nan,nan,0.07909871319222063,0.07238028352531096,nan,nan,2.943124818144672,1.0165986552000608,1.0309892228514626,1.0318121563445046,1.0318121563445046
,65500.0,,,1.9e-06,12000.0,3.0,283.15,1603.15,0.03,sammon_2021_lower_crust,929.8509800477067,1187.2560362340732,8181.540000000001,2954.288931166802,nan,nan,nan,nan,nan,nan,0.07909871319222063,0.07238028352531096,nan,nan,2.9970390056938885,1.015795253880458,1.036861948926093,1.0380649647176883,1.0380649647176883
,65500.0,,,1.9e-06,12000.0,3.0,283.15,1603.15,0.03,hacker_2015_md_xenolith,929.8509800477067,1187.2560362340732,8181.540000000001,3071.2895014819414,nan,nan,nan,nan,nan,nan,0.07909871319222063,0.07238028352531096,nan,nan,3.112463611790275,0.9970380626927605,1.016888728866612,1.0180149974833783,1.0180149974833783
,65500.0,,,1.9e-06,12000.0,3.0,283.15,1603.15,0.03,mackwell_1998_maryland_diabase,929.8509800477067,1187.2560362340732,8181.540000000001,3175.8016114206516,nan,nan,nan,nan,nan,nan,0.07909871319222063,0.07238028352531096,nan,nan,3.211793265722492,0.8184780268320457,0.8326784783727275,0.8334874593132967,0.8334874593132967
,65500.0,,,1.9e-06,12000.0,3.0,283.15,1603.15,0.1,sammon_2021_deep_crust,929.8509800477067,1187.2560362340732,8181.540000000001,2896.9925500858494,nan,nan,nan,nan,nan,nan,0.07909871319222063,0.07238028352531096,nan,nan,2.960239801220381,1.8572966430109557,1.9147879553194715,1.9180291063993904,1.9180291063993904
,65500.0,,,1.9e-06,12000.0,3.0,283.15,1603.15,0.1,sammon_2021_lower_crust,929.8509800477067,1187.2560362340732,8181.540000000001,2954.288931166802,nan,nan,nan,nan,nan,nan,0.07909871319222063,0.07238028352531096,nan,nan,3.0158961074248034,2.005575399479834,2.0799758662565164,2.084169799607883,2.084169799607883
,65500.0,,,1.9e-06,12000.0,3.0,283.15,1603.15,0.1,hacker_2015_md_xenolith,929.8509800477067,1187.2560362340732,8181.540000000001,3071.2895014819414,nan,nan,nan,nan,nan,nan,0.07909871319222063,0.07238028352531096,nan,nan,3.133858729023916,1.9777626527798204,2.036010928110551,2.0392677816825833,2.0392677816825833
,65500.0,,,1.9e-06,12000.0,3.0,283.15,1603.15,0.1,mackwell_1998_maryland_diabase,929.8509800477067,1187.2560362340732,8181.540000000001,3175.8016114206516,nan,nan,nan,nan,nan,nan,0.07909871319222063,0.07238028352531096,nan,nan,3.2305179921861606,1.6703917483202442,1.7154322769819388,1.7179432851233967,1.7179432851233967
,65500.0,,,1.9e-06,12000.0,3.0,283.15,1603.15,0.3,sammon_2021_deep_crust,929.8509800477067,1187.2560362340732,8181.540000000001,2896.9925500858494,nan,nan,nan,nan,nan,nan,0.07909871319222063,0.07238028352531096,nan,nan,2.995417550364619,3.627864347676095,3.7562004868213608,3.7632639282478113,3.7632639282478113
,65500.0,,,1.9e-06,12000.0,3.0,283.15,1603.15,0.3,sammon_2021_lower_crust,929.8509800477067,1187.2560362340732,8181.540000000001,2954.288931166802,nan,nan,nan,nan,nan,nan,0.07909871319222063,0.07238028352531096,nan,nan,3.0576375356257435,4.142979022853388,4.300555689941071,4.309223693924503,4.309223693924503
,65500.0,,,1.9e-06,12000.0,3.0,283.15,1603.15,0.3,hacker_2015_md_xenolith,929.8509800477067,1187.2560362340732,8181.540000000001,3071.2895014819414,nan,nan,nan,nan,nan,nan,0.07909871319222063,0.07238028352531096,nan,nan,3.175782089303073,3.7306050733805955,3.8321526287617207,3.8376838801182487,3.8376838801182487
,65500.0,,,1.9e-06,12000.0,3.0,283.15,1603.15,0.3,mackwell_1998_maryland_diabase,929.8509800477067,1187.2560362340732,8181.540000000001,3175.8016114206516,nan,nan,nan,nan,nan,nan,0.07909871319222063,0.07238028352531096,nan,nan,3.2674131743948456,3.1144031829440175,3.1802648614500395,3.183793872271726,3.183793872271726
,65500.0,,,1.9e-06,12000.0,3.0,283.15,1603.15,1.0,sammon_2021_deep_crust,929.8509800477067,1187.2560362340732,8181.540000000001,2896.9925500858494,nan,nan,nan,nan,nan,nan,0.07909871319222063,0.07238028352531096,nan,nan,3.0750374665542117,6.991600179623734,7.072972646829886,7.07648739792065,7.07648739792065
,65500.0,,,1.9e-06,12000.0,3.0,283.15,1603.15,1.0,sammon_2021_lower_crust,929.8509800477067,1187.2560362340732,8181.540000000001,2954.288931166802,nan,nan,nan,nan,nan,nan,0.07909871319222063,0.07238028352531096,nan,nan,3.1544867229621563,8.045131881311544,8.11913050899228,8.122047371579798,8.122047371579798
,65500.0,,,1.9e-06,12000.0,3.0,283.15,1603.15,1.0,hacker_2015_md_xenolith,929.8509800477067,1187.2560362340732,8181.540000000001,3071.2895014819414,nan,nan,nan,nan,nan,nan,0.07909871319222063,0.07238028352531096,nan,nan,3.2575099664201645,6.383394613098539,6.384460155156687,6.384473028354882,6.384473028354882
,65500.0,,,1.9e-06,12000.0,3.0,283.15,1603.15,1.0,mackwell_1998_maryland_diabase,929.8509800477067,1187.2560362340732,8181.540000000001,3175.8016114206516,79199.19919919921,21599.04720720721,1181.2895346321523,nan,nan,nan,0.07909871319222063,0.07238028352531096,0.0020419338020261865,0.003916803163262816,3.3356819052253455,4.9388070832107065,4.939381739894963,4.93938356737817,4.93938356737817
,65500.0,,,1.9e-06,12000.0,3.0,283.15,1603.15,3.0,sammon_2021_deep_crust,929.8509800477067,1187.2560362340732,8181.540000000001,2896.9925500858494,nan,nan,nan,nan,nan,nan,0.07909871319222063,0.07238028352531096,nan,nan,3.176165131402714,9.545266484993503,9.55240148507822,9.552422909357045,9.552422909357045
,65500.0,,,1.9e-06,12000.0,3.0,283.15,1603.15,3.0,sammon_2021_lower_crust,929.8509800477067,1187.2560362340732,8181.540000000001,2954.288931166802,nan,nan,nan,nan,nan,nan,0.07909871319222063,0.07238028352531096,nan,nan,3.2765169723486673,10.945799779326261,10.948253597760877,10.94827165385287,10.94827165385287
,65500.0,,,1.9e-06,12000.0,3.0,283.15,1603.15,3.0,hacker_2015_md_xenolith,929.8509800477067,1187.2560362340732,8181.540000000001,3071.2895014819414,78048.04804804805,21285.10756756757,1172.8178498583322,nan,nan,nan,0.07909871319222063,0.07238028352531096,0.005085562266787335,0.009640121164034454,3.341405223226117,8.56444166187615,8.566341567169745,8.566385454402608,8.566385454402608
,65500.0,,,1.9e-06,12000.0,3.0,283.15,1603.15,3.0,mackwell_1998_maryland_diabase,929.8509800477067,1187.2560362340732,8181.540000000001,3175.8016114206516,66636.63663663663,18173.010270270268,1095.5468896158213,nan,nan,nan,0.07909871319222063,0.07238028352531096,0.0363633693364219,0.06325722418249624,3.395022326244579,6.610895800891349,6.6124558299288925,6.612463882242106,6.612463882242106
,65500.0,,,1.9e-06,12000.0,3.0,283.15,1603.15,10.0,sammon_2021_deep_crust,929.8509800477067,1187.2560362340732,8181.540000000001,2896.9925500858494,nan,nan,nan,nan,nan,nan,0.07909871319222063,0.07238028352531096,nan,nan,3.2370653691990308,11.85664548087086,11.86322575080079,11.863408770157005,11.863408770157005
,65500.0,,,1.9e-06,12000.0,3.0,283.15,1603.15,10.0,sammon_2021_lower_crust,929.8509800477067,1187.2560362340732,8181.540000000001,2954.288931166802,77147.14714714715,21039.41567567568,1166.2743563384183,nan,nan,nan,0.07909871319222063,0.07238028352531096,0.005290051068202764,0.010211031503012613,3.3419761335650953,13.828194324555747,13.839747402049507,13.839837050303409,13.839837050303409
,65500.0,,,1.9e-06,12000.0,3.0,283.15,1603.15,10.0,hacker_2015_md_xenolith,929.8509800477067,1187.2560362340732,8181.540000000001,3071.2895014819414,66936.93693693694,18254.90756756757,1097.424176714414,nan,nan,nan,0.07909871319222063,0.07238028352531096,0.03300068156799142,0.05830323248052416,3.390068334542607,11.033589604115969,11.042350981357568,11.042477450508045,11.042477450508045
,65500.0,,,1.9e-06,12000.0,3.0,283.15,1603.15,10.0,mackwell_1998_maryland_diabase,929.8509800477067,1187.2560362340732,8181.540000000001,3175.8016114206516,57727.72772772773,15743.390450450453,1043.6937739271439,21476.201261261263,1177.9597557282978,78748.74874874875,0.07909871319222063,0.07238028352531096,0.06206601498869467,0.0975705531850064,3.429335655247089,8.751804957577372,8.754859706634232,8.754930609020318,8.754930609020318
,65500.0,,,1.9e-06,12000.0,3.0,283.15,1603.15,30.0,sammon_2021_deep_crust,929.8509800477067,1187.2560362340732,8181.540000000001,2896.9925500858494,nan,nan,nan,21749.192252252255,1185.3850564674844,79749.74974974975,0.07909871319222063,0.07238028352531096,nan,nan,3.275195167225589,12.101104769402843,12.118239291633646,12.118283356531512,12.118283356531512
,65500.0,,,1.9e-06,12000.0,3.0,283.15,1603.15,30.0,sammon_2021_lower_crust,929.8509800477067,1187.2560362340732,8181.540000000001,2954.288931166802,68588.58858858858,18705.342702702703,1107.9001393308056,20575.330990990995,1154.1216985390076,75445.44544544545,0.07909871319222063,0.07238028352531096,0.023186607578258415,0.03778873481678202,3.3695538368788647,14.826302987288283,14.83292784073748,14.833047522033082,14.833047522033082
,65500.0,,,1.9e-06,12000.0,3.0,283.15,1603.15,30.0,hacker_2015_md_xenolith,929.8509800477067,1187.2560362340732,8181.540000000001,3071.2895014819414,61031.03103103103,16644.260720720722,1062.053596732502,20425.18594594595,1150.247988453684,74894.8948948949,0.07909871319222063,0.07238028352531096,0.05207145320890614,0.08317290838535252,3.414938010447435,12.054901176915799,12.066014732293208,12.066164763701659,12.066164763701659
,65500.0,,,1.9e-06,12000.0,3.0,283.15,1603.15,30.0,mackwell_1998_maryland_diabase,929.8509800477067,1187.2560362340732,8181.540000000001,3175.8016114206516,52772.772772772776,14392.085045045047,1018.0691004677267,18869.1372972973,1111.7728880755635,69189.18918918919,0.07909871319222063,0.07238028352531096,0.07729278372538441,0.11025384546484407,3.4420189475269267,10.213441110287784,10.218631340567992,10.218670108072885,10.218670108072885
,65500.0,,,1.9e-06,12000.0,3.0,283.15,1603.15,100.0,sammon_2021_deep_crust,929.8509800477067,1187.2560362340732,8181.540000000001,2896.9925500858494,nan,nan,nan,19292.27333333333,1121.9337654597553,70740.74074074073,0.07909871319222063,0.07238028352531096,nan,nan,3.289430674265161,11.341741284914143,11.36327601119356,11.3635945249241,11.3635945249241
,65500.0,,,1.9e-06,12000.0,3.0,283.15,1603.15,100.0,sammon_2021_lower_crust,929.8509800477067,1187.2560362340732,8181.540000000001,2954.288931166802,62732.73273273274,17108.34540540541,1071.9102918933468,18309.505765765767,1098.6803909129824,67137.13713713714,0.07909871319222063,0.07238028352531096,0.03437225147056498,0.04270339805693135,3.374468500119014,14.589679223222438,14.616680665091373,14.617425593936082,14.617425593936082
,65500.0,,,1.9e-06,12000.0,3.0,283.15,1603.15,100.0,hacker_2015_md_xenolith,929.8509800477067,1187.2560362340732,8181.540000000001,3071.2895014819414,57727.72772772773,15743.390450450453,1043.6937739271439,18309.505765765767,1098.6803909129824,67137.13713713714,0.07909871319222063,0.07238028352531096,0.06650551010292505,0.08727621018006415,3.419041312242147,10.577922381853202,10.582599231956504,10.58264086206359,10.58264086206359
,65500.0,,,1.9e-06,12000.0,3.0,283.15,1603.15,100.0,mackwell_1998_maryland_diabase,929.8509800477067,1187.2560362340732,8181.540000000001,3175.8016114206516,49869.86986986987,13600.411171171174,1004.1242224861114,17081.046306306307,1071.3229831497722,62632.63263263263,0.07909871319222063,0.07238028352531096,0.08574444553011408,0.1103496138541531,3.4421147159162357,9.763117130577376,9.78365199264303,9.783712201731745,9.783712201731745
,65500.0,,,1.9e-06,12000.0,3.0,283.15,1603.15,300.0,sammon_2021_deep_crust,929.8509800477067,1187.2560362340732,8181.540000000001,2896.9925500858494,nan,nan,nan,17968.26702702703,1090.890601415457,65885.88588588589,0.07909871319222063,0.07238028352531096,nan,nan,3.2898124915873614,15.72024669501107,15.797832048648658,15.800700023495333,15.800700023495333
,65500.0,,,1.9e-06,12000.0,3.0,283.15,1603.15,300.0,sammon_2021_lower_crust,929.8509800477067,1187.2560362340732,8181.540000000001,2954.288931166802,59179.17917917918,16139.227387387387,1051.6351738660594,17026.44810810811,1070.1511793423276,62432.43243243243,0.07909871319222063,0.07238028352531096,0.03862312977954341,0.04327044066316299,3.3750355427252456,20.228694483572184,20.30802999746737,20.3084923046147,20.3084923046147
,65500.0,,,1.9e-06,12000.0,3.0,283.15,1603.15,300.0,hacker_2015_md_xenolith,929.8509800477067,1187.2560362340732,8181.540000000001,3071.2895014819414,55825.82582582583,15224.70756756757,1033.5862861153382,17135.644504504504,1072.4985385301559,62832.83283283283,0.07909871319222063,0.07238028352531096,0.07335812207354123,0.08755330443908926,3.419318406501172,14.19677430184279,14.257150535411693,14.25796331063148,14.25796331063148
,65500.0,,,1.9e-06,12000.0,3.0,283.15,1603.15,300.0,mackwell_1998_maryland_diabase,929.8509800477067,1187.2560362340732,8181.540000000001,3175.8016114206516,48968.96896896897,13354.71927927928,999.9568814763315,16125.57783783784,1051.358049862534,59129.12912912913,0.07909871319222063,0.07238028352531096,0.09073298450760897,0.11001694613641044,3.441782048198493,10.889264564850379,10.915371766231843,10.91558597651538,10.91558597651538
,65500.0,,,1.9e-06,12000.0,3.0,283.15,1603.15,1000.0,sammon_2021_deep_crust,929.8509800477067,1187.2560362340732,8181.540000000001,2896.9925500858494,nan,nan,nan,17272.14,1075.453840112722,63333.33333333333,0.07909871319222063,0.07238028352531096,nan,nan,3.28968074956233,22.295293102194115,22.719958555259424,22.721731831581593,22.721731831581593
,65500.0,,,1.9e-06,12000.0,3.0,283.15,1603.15,1000.0,sammon_2021_lower_crust,929.8509800477067,1187.2560362340732,8181.540000000001,2954.288931166802,56826.82682682683,15497.698558558563,1038.8638113470422,16221.124684684686,1053.3028418266945,59479.47947947948,0.07909871319222063,0.07238028352531096,0.040477567930428726,0.043217700997071784,3.3749828030591544,28.378280798516293,28.917232568317367,28.922480702873617,28.922480702873617
,65500.0,,,1.9e-06,12000.0,3.0,283.15,1603.15,1000.0,hacker_2015_md_xenolith,929.8509800477067,1187.2560362340732,8181.540000000001,3071.2895014819414,54324.32432432432,14815.221081081081,1025.8458532492893,16384.91927927928,1056.6635008653018,60080.08008008008,0.07909871319222063,0.07238028352531096,0.07688974293117536,0.08750975244625492,3.4192748545083376,20.268059477034246,20.68385570796381,20.68705423964655,20.68705423964655
,65500.0,,,1.9e-06,12000.0,3.0,283.15,1603.15,1000.0,mackwell_1998_maryland_diabase,929.8509800477067,1187.2560362340732,8181.540000000001,3175.8016114206516,48668.66866866867,13272.821981981986,998.5846498846297,15497.698558558563,1038.8638113470422,56826.82682682683,0.07909871319222063,0.07238028352531096,0.09490705937087354,0.1100476542337776,3.4418127562958603,14.975553564870546,15.280873497391113,15.282160916895897,15.282160916895897
,65500.0,,,1.9e-06,12000.0,3.0,283.15,1603.15,3000.0,sammon_2021_deep_crust,929.8509800477067,1187.2560362340732,8181.540000000001,2896.9925500858494,nan,nan,nan,16999.14900900901,1069.5666842784574,62332.33233233233,0.07909871319222063,0.07238028352531096,nan,nan,3.2896371584398394,30.020940595343482,30.09302604651484,30.102922942586964,30.102922942586964
,65500.0,,,1.9e-06,12000.0,3.0,283.15,1603.15,3000.0,sammon_2021_lower_crust,929.8509800477067,1187.2560362340732,8181.540000000001,2954.288931166802,55975.975975975976,15265.656216216219,1034.3719358307224,15934.484144144144,1047.5029335105887,58428.42842842842,0.07909871319222063,0.07238028352531096,0.04114888067167335,0.043177894003692874,3.3749429960657755,37.748097897213704,37.816384727689695,37.820484827957465,37.820484827957465
,65500.0,,,1.9e-06,12000.0,3.0,283.15,1603.15,3000.0,hacker_2015_md_xenolith,929.8509800477067,1187.2560362340732,8181.540000000001,3071.2895014819414,53373.373373373375,14555.879639639643,1021.0527264259811,16084.62918918919,1050.52808469181,58978.97897897898,0.07909871319222063,0.07238028352531096,0.07755937955444513,0.087478295840977,3.4192433979030596,28.862508738358194,28.946989622050175,28.954637538127336,28.954637538127336
,65500.0,,,1.9e-06,12000.0,3.0,283.15,1603.15,3000.0,mackwell_1998_maryland_diabase,929.8509800477067,1187.2560362340732,8181.540000000001,3175.8016114206516,48318.318318318314,13177.275135135136,996.9943815631889,15211.058018018022,1033.324871823494,55775.77577577578,0.07909871319222063,0.07238028352531096,0.09678369153704573,0.1100897281437101,3.4418548302057927,21.332707599052625,21.38513964224358,21.388410271775147,21.388410271775147
,65500.0,,,1.9e-06,12000.0,3.0,283.15,1603.15,10000.0,sammon_2021_deep_crust,929.8509800477067,1187.2560362340732,8181.540000000001,2896.9925500858494,nan,nan,nan,16862.653513513516,1066.6582773576265,61831.831831831834,0.07909871319222063,0.07238028352531096,nan,nan,3.2896237151000953,33.65847454923786,34.349188834170945,34.46125269381711,34.46125269381711
,65500.0,,,1.9e-06,12000.0,3.0,283.15,1603.15,10000.0,sammon_2021_lower_crust,929.8509800477067,1187.2560362340732,8181.540000000001,2954.288931166802,55725.72572572572,15197.408468468468,1033.0636920049585,15811.6381981982,1045.0489124146432,57977.97797797798,0.07909871319222063,0.07238028352531096,0.041577116206038996,0.04316643579841761,3.3749315378605003,42.78455622976581,43.46301302163323,43.57144275861604,43.57144275861604
,65500.0,,,1.9e-06,12000.0,3.0,283.15,1603.15,10000.0,hacker_2015_md_xenolith,929.8509800477067,1187.2560362340732,8181.540000000001,3071.2895014819414,52972.97297297297,14446.683243243246,1019.0598908808726,15948.133693693695,1047.7767748877925,58478.47847847848,0.07909871319222063,0.07238028352531096,0.07768454353552373,0.08746992155533428,3.419235023617417,33.974360668128774,35.52192074180103,35.76134557106803,35.76134557106803
,65500.0,,,1.9e-06,12000.0,3.0,283.15,1603.15,10000.0,mackwell_1998_maryland_diabase,929.8509800477067,1187.2560362340732,8181.540000000001,3175.8016114206516,48018.01801801802,13095.37783783784,995.6404388895637,15088.212072072074,1030.9826944957877,55325.32532532533,0.07909871319222063,0.07238028352531096,0.09736343308748943,0.11010645845177036,3.441871560513853,25.662217416630984,27.42995159618222,27.690773714606802,27.690773714606802
,71500.0,,,1.85e-06,11500.0,3.0,283.15,1603.15,0.01,sammon_2021_deep_crust,878.3951601190258,1131.3890873421328,8181.540000000001,2989.542021476278,nan,nan,nan,nan,nan,nan,0.07324458692309395,0.06839582153850693,nan,nan,3.0259870480460362,0.9181921984311151,0.9337314417519522,0.9346712404497975,0.9346712404497975
,71500.0,,,1.85e-06,11500.0,3.0,283.15,1603.15,0.01,sammon_2021_lower_crust,878.3951601190258,1131.3890873421328,8181.540000000001,3056.8379131442684,nan,nan,nan,nan,nan,nan,0.07324458692309395,0.06839582153850693,nan,nan,3.0897408834930533,0.8000149562149035,0.812051944749401,0.8127994321206006,0.8127994321206006
,71500.0,,,1.85e-06,11500.0,3.0,283.15,1603.15,0.01,hacker_2015_md_xenolith,878.3951601190258,1131.3890873421328,8181.540000000001,3166.835306416005,nan,nan,nan,nan,nan,nan,0.07324458692309395,0.06839582153850693,nan,nan,3.1961678951695927,0.7544555697762517,0.7673210676838473,0.7680402004685128,0.7680402004685128
,71500.0,,,1.85e-06,11500.0,3.0,283.15,1603.15,0.01,mackwell_1998_maryland_diabase,878.3951601190258,1131.3890873421328,8181.540000000001,3239.767564239552,nan,nan,nan,nan,nan,nan,0.07324458692309395,0.06839582153850693,nan,nan,3.2662499336701494,0.7157463370056074,0.7293289908108956,0.7300532962074885,0.7300532962074885
,71500.0,,,1.85e-06,11500.0,3.0,283.15,1603.15,0.03,sammon_2021_deep_crust,878.3951601190258,1131.3890873421328,8181.540000000001,2989.542021476278,nan,nan,nan,nan,nan,nan,0.07324458692309395,0.06839582153850693,nan,nan,3.03164579256988,0.9209081267720141,0.9338768072941324,0.93476282167735,0.93476282167735
,71500.0,,,1.85e-06,11500.0,3.0,283.15,1603.15,0.03,sammon_2021_lower_crust,878.3951601190258,1131.3890873421328,8181.540000000001,3056.8379131442684,nan,nan,nan,nan,nan,nan,0.07324458692309395,0.06839582153850693,nan,nan,3.096154903206703,0.8949839011205011,0.9111243922612895,0.9120469909415729,0.9120469909415729
,71500.0,,,1.85e-06,11500.0,3.0,283.15,1603.15,0.03,hacker_2015_md_xenolith,878.3951601190258,1131.3890873421328,8181.540000000001,3166.835306416005,nan,nan,nan,nan,nan,nan,0.07324458692309395,0.06839582153850693,nan,nan,3.2014645877806074,0.7568867392501265,0.7675119216307351,0.7681195575452602,0.7681195575452602
,71500.0,,,1.85e-06,11500.0,3.0,283.15,1603.15,0.03,mackwell_1998_maryland_diabase,878.3951601190258,1131.3890873421328,8181.540000000001,3239.767564239552,nan,nan,nan,nan,nan,nan,0.07324458692309395,0.06839582153850693,nan,nan,3.270765580908386,0.7177857691519984,0.7295033108738791,0.730090320536783,0.730090320536783
,71500.0,,,1.85e-06,11500.0,3.0,283.15,1603.15,0.1,sammon_2021_deep_crust,878.3951601190258,1131.3890873421328,8181.540000000001,2989.542021476278,nan,nan,nan,nan,nan,nan,0.07324458692309395,0.06839582153850693,nan,nan,3.0475506969897035,1.6348779662166293,1.6787334498006152,1.6812002104148922,1.6812002104148922
,71500.0,,,1.85e-06,11500.0,3.0,283.15,1603.15,0.1,sammon_2021_lower_crust,878.3951601190258,1131.3890873421328,8181.540000000001,3056.8379131442684,nan,nan,nan,nan,nan,nan,0.07324458692309395,0.06839582153850693,nan,nan,3.114330695403751,1.7507358012559209,1.8034478658223678,1.8064081423637541,1.8064081423637541
,71500.0,,,1.85e-06,11500.0,3.0,283.15,1603.15,0.1,hacker_2015_md_xenolith,878.3951601190258,1131.3890873421328,8181.540000000001,3166.835306416005,nan,nan,nan,nan,nan,nan,0.07324458692309395,0.06839582153850693,nan,nan,3.216764266878112,1.4628295920496788,1.5042868701476464,1.5066123229703392,1.5066123229703392
,71500.0,,,1.85e-06,11500.0,3.0,283.15,1603.15,0.1,mackwell_1998_maryland_diabase,878.3951601190258,1131.3890873421328,8181.540000000001,3239.767564239552,nan,nan,nan,nan,nan,nan,0.07324458692309395,0.06839582153850693,nan,nan,3.2840071307815193,1.246560507994664,1.279815923162369,1.2816711432625658,1.2816711432625658
,71500.0,,,1.85e-06,11500.0,3.0,283.15,1603.15,0.3,sammon_2021_deep_crust,878.3951601190258,1131.3890873421328,8181.540000000001,2989.542021476278,nan,nan,nan,nan,nan,nan,0.07324458692309395,0.06839582153850693,nan,nan,3.0799916732832626,3.0334029575592774,3.1187220772547537,3.1234421708686613,3.1234421708686613
,71500.0,,,1.85e-06,11500.0,3.0,283.15,1603.15,0.3,sammon_2021_lower_crust,878.3951601190258,1131.3890873421328,8181.540000000001,3056.8379131442684,nan,nan,nan,nan,nan,nan,0.07324458692309395,0.06839582153850693,nan,nan,3.1515568885299894,3.3344888770754744,3.4327924749998724,3.4381941945468495,3.4381941945468495
,71500.0,,,1.85e-06,11500.0,3.0,283.15,1603.15,0.3,hacker_2015_md_xenolith,878.3951601190258,1131.3890873421328,8181.540000000001,3166.835306416005,nan,nan,nan,nan,nan,nan,0.07324458692309395,0.06839582153850693,nan,nan,3.248524490387406,2.77881415661888,2.84906314727987,2.852893200610355,2.852893200610355
,71500.0,,,1.85e-06,11500.0,3.0,283.15,1603.15,0.3,mackwell_1998_maryland_diabase,878.3951601190258,1131.3890873421328,8181.540000000001,3239.767564239552,nan,nan,nan,nan,nan,nan,0.07324458692309395,0.06839582153850693,nan,nan,3.311797963422727,2.377491763223023,2.4298446533457545,2.432667145616361,2.432667145616361
,71500.0,,,1.85e-06,11500.0,3.0,283.15,1603.15,1.0,sammon_2021_deep_crust,878.3951601190258,1131.3890873421328,8181.540000000001,2989.542021476278,nan,nan,nan,nan,nan,nan,0.07324458692309395,0.06839582153850693,nan,nan,3.145800109742122,5.224652570305201,5.228315138019241,5.228333158439031,5.228333158439031
,71500.0,,,1.85e-06,11500.0,3.0,283.15,1603.15,1.0,sammon_2021_lower_crust,878.3951601190258,1131.3890873421328,8181.540000000001,3056.8379131442684,nan,nan,nan,nan,nan,nan,0.07324458692309395,0.06839582153850693,nan,nan,3.227757536386524,5.8757312604682115,5.897786034212269,5.89811400425276,5.89811400425276
,71500.0,,,1.85e-06,11500.0,3.0,283.15,1603.15,1.0,hacker_2015_md_xenolith,878.3951601190258,1131.3890873421328,8181.540000000001,3166.835306416005,nan,nan,nan,nan,nan,nan,0.07324458692309395,0.06839582153850693,nan,nan,3.310984247954482,4.549144448306011,4.55032137749302,4.550342514315013,4.550342514315013
,71500.0,,,1.85e-06,11500.0,3.0,283.15,1603.15,1.0,mackwell_1998_maryland_diabase,878.3951601190258,1131.3890873421328,8181.540000000001,3239.767564239552,72142.14214214214,19674.460720720723,1076.396886306932,nan,nan,nan,0.07324458692309395,0.06839582153850693,0.014118533580233026,0.02806222708324624,3.365564448711786,3.7748138107123657,3.7755005936691504,3.7755055784489895,3.7755055784489895
,71500.0,,,1.85e-06,11500.0,3.0,283.15,1603.15,3.0,sammon_2021_deep_crust,878.3951601190258,1131.3890873421328,8181.540000000001,2989.542021476278,nan,nan,nan,nan,nan,nan,0.07324458692309395,0.06839582153850693,nan,nan,3.2105995993072343,6.810978788162868,6.815467119714491,6.815473572273113,6.815473572273113
,71500.0,,,1.85e-06,11500.0,3.0,283.15,1603.15,3.0,sammon_2021_lower_crust,878.3951601190258,1131.3890873421328,8181.540000000001,3056.8379131442684,nan,nan,nan,nan,nan,nan,0.07324458692309395,0.06839582153850693,nan,nan,3.309921397634537,7.822006478168211,7.828130672596942,7.82815238031992,7.82815238031992
,71500.0,,,1.85e-06,11500.0,3.0,283.15,1603.15,3.0,hacker_2015_md_xenolith,878.3951601190258,1131.3890873421328,8181.540000000001,3166.835306416005,72192.19219219219,19688.11027027027,1076.7291796009201,nan,nan,nan,0.07324458692309395,0.06839582153850693,0.014771419831954583,0.027054863264718065,3.3645570848932578,5.885418971256619,5.886869513713311,5.886896757903817,5.886896757903817
,71500.0,,,1.85e-06,11500.0,3.0,283.15,1603.15,3.0,mackwell_1998_maryland_diabase,878.3951601190258,1131.3890873421328,8181.540000000001,3239.767564239552,60280.280280280276,16439.51747747748,1004.1429024854024,nan,nan,nan,0.07324458692309395,0.06839582153850693,0.04086302132097658,0.07074694711499196,3.4082491687435317,4.969692265439394,4.9707196902702,4.970756270609894,4.970756270609894
,71500.0,,,1.85e-06,11500.0,3.0,283.15,1603.15,10.0,sammon_2021_deep_crust,878.3951601190258,1131.3890873421328,8181.540000000001,2989.542021476278,nan,nan,nan,nan,nan,nan,0.07324458692309395,0.06839582153850693,nan,nan,3.256575626388636,8.540549636010486,8.54609447981225,8.546202685263424,8.546202685263424
,71500.0,,,1.85e-06,11500.0,3.0,283.15,1603.15,10.0,sammon_2021_lower_crust,878.3951601190258,1131.3890873421328,8181.540000000001,3056.8379131442684,74194.19419419419,20234.092252252256,1090.2098845909616,nan,nan,nan,0.07324458692309395,0.06839582153850693,0.009931530941630342,0.018934324521625356,3.356436546150165,10.266362481005189,10.275715417884895,10.275813318572059,10.275813318572059
,71500.0,,,1.85e-06,11500.0,3.0,283.15,1603.15,10.0,hacker_2015_md_xenolith,878.3951601190258,1131.3890873421328,8181.540000000001,3166.835306416005,62082.08208208208,16930.901261261264,1014.2844044013241,nan,nan,nan,0.07324458692309395,0.06839582153850693,0.03691596159285262,0.06644708434746649,3.403949305976006,7.451993946465815,7.455856222924242,7.455921467547164,7.455921467547164
,71500.0,,,1.85e-06,11500.0,3.0,283.15,1603.15,10.0,mackwell_1998_maryland_diabase,878.3951601190258,1131.3890873421328,8181.540000000001,3239.767564239552,51871.871871871874,14146.393153153154,960.764973151747,21435.252612612614,1121.1653590254236,78598.59859859859,0.07324458692309395,0.06839582153850693,0.06257025230963573,0.10109337667907337,3.438595598307613,6.498030911961719,6.502296081189195,6.502401064834478,6.502401064834478
,71500.0,,,1.85e-06,11500.0,3.0,283.15,1603.15,30.0,sammon_2021_deep_crust,878.3951601190258,1131.3890873421328,8181.540000000001,2989.542021476278,nan,nan,nan,21107.663423423423,1112.5459673447017,77397.39739739739,0.07324458692309395,0.06839582153850693,nan,nan,3.291617728252701,9.656859486053271,9.66404224751328,9.664190386947924,9.664190386947924
,71500.0,,,1.85e-06,11500.0,3.0,283.15,1603.15,30.0,sammon_2021_lower_crust,878.3951601190258,1131.3890873421328,8181.540000000001,3056.8379131442684,65585.58558558559,17886.369729729733,1034.8589801005326,20138.54540540541,1087.8241436468215,73843.84384384385,0.07324458692309395,0.06839582153850693,0.02793743991922239,0.044386738930762615,3.3818889605593023,12.248596899871686,12.255817481058719,12.255993693786897,12.255993693786897
,71500.0,,,1.85e-06,11500.0,3.0,283.15,1603.15,30.0,hacker_2015_md_xenolith,878.3951601190258,1131.3890873421328,8181.540000000001,3166.835306416005,56726.72672672672,15470.39945945946,985.01699096217,19879.203963963966,1081.4054835084683,72892.8928928929,0.07324458692309395,0.06839582153850693,0.056104053988933436,0.08925850953576697,3.4267607311643067,8.767413383592375,8.780649937914895,8.780739820929174,8.780739820929174
,71500.0,,,1.85e-06,11500.0,3.0,283.15,1603.15,30.0,mackwell_1998_maryland_diabase,878.3951601190258,1131.3890873421328,8181.540000000001,3239.767564239552,47567.567567567574,12972.531891891895,941.076635812592,18486.949909909912,1048.3695520792007,67787.78778778779,0.07324458692309395,0.06839582153850693,0.07773311226103326,0.11348017984482972,3.4509824014733694,7.903831030303564,7.912705001098827,7.913154181952296,7.913154181952296
,71500.0,,,1.85e-06,11500.0,3.0,283.15,1603.15,100.0,sammon_2021_deep_crust,878.3951601190258,1131.3890873421328,8181.540000000001,2989.542021476278,nan,nan,nan,18486.949909909912,1048.3695520792007,67787.78778778779,0.07324458692309395,0.06839582153850693,nan,nan,3.300084521574744,10.075176600576512,10.093196176255818,10.093244377281831,10.093244377281831
,71500.0,,,1.85e-06,11500.0,3.0,283.15,1603.15,100.0,sammon_2021_lower_crust,878.3951601190258,1131.3890873421328,8181.540000000001,3056.8379131442684,59479.47947947948,16221.124684684686,999.7314376467575,17695.276036036037,1030.6537265383015,64884.88488488489,0.07324458692309395,0.06839582153850693,0.038559536739514476,0.04733635206869691,3.3848385736972366,13.104620623197022,13.11618591800749,13.11632378745892,13.11632378745892
,71500.0,,,1.85e-06,11500.0,3.0,283.15,1603.15,100.0,hacker_2015_md_xenolith,878.3951601190258,1131.3890873421328,8181.540000000001,3166.835306416005,53523.52352352352,14596.82828828829,968.7722989752646,17599.72918918919,1028.568038211384,64534.534534534534,0.07324458692309395,0.06839582153850693,0.07026840946362259,0.09168756005162093,3.4291897816801606,9.949853089242081,9.959096085706907,9.959261917294775,9.959261917294775
,71500.0,,,1.85e-06,11500.0,3.0,283.15,1603.15,100.0,mackwell_1998_maryland_diabase,878.3951601190258,1131.3890873421328,8181.540000000001,3239.767564239552,45365.36536536537,12371.951711711714,931.662634743097,16453.167027027026,1004.4205779066704,60330.330330330326,0.07324458692309395,0.06839582153850693,0.08813681065053261,0.11366396111623223,3.451166182744772,9.45997976277045,9.472012099077796,9.472078304651536,9.472078304651536
,71500.0,,,1.85e-06,11500.0,3.0,283.15,1603.15,300.0,sammon_2021_deep_crust,878.3951601190258,1131.3890873421328,8181.540000000001,2989.542021476278,nan,nan,nan,17012.79855855856,1016.003692070698,62382.38238238238,0.07324458692309395,0.06839582153850693,nan,nan,3.300074311990066,11.623329241843019,11.63771053415108,11.637952954941426,11.637952954941426
,71500.0,,,1.85e-06,11500.0,3.0,283.15,1603.15,300.0,sammon_2021_lower_crust,878.3951601190258,1131.3890873421328,8181.540000000001,3056.8379131442684,55775.77577577578,15211.058018018022,980.0958284480179,16248.423783783786,1000.27964437936,59579.57957957958,0.07324458692309395,0.06839582153850693,0.04259528194636809,0.04715713627200113,3.384659357900541,12.617591292200624,12.64119099917746,12.641343180335733,12.641343180335733
,71500.0,,,1.85e-06,11500.0,3.0,283.15,1603.15,300.0,hacker_2015_md_xenolith,878.3951601190258,1131.3890873421328,8181.540000000001,3166.835306416005,51621.62162162163,14078.14540540541,959.5736352064854,16275.722882882883,1000.828772932599,59679.67967967968,0.07324458692309395,0.06839582153850693,0.07710593564994628,0.09145031133898307,3.428952532967523,10.927459540346826,10.938215056966479,10.93828225401524,10.93828225401524
,71500.0,,,1.85e-06,11500.0,3.0,283.15,1603.15,300.0,mackwell_1998_maryland_diabase,878.3951601190258,1131.3890873421328,8181.540000000001,3239.767564239552,44314.31431431431,12085.311171171172,927.326874424235,15320.254414414416,982.1577568480262,56176.17617617617,0.07324458692309395,0.06839582153850693,0.09346778895287691,0.11357160043449532,3.451073822063035,10.610006644348308,10.62192613927288,10.622536358508478,10.622536358508478
,71500.0,,,1.85e-06,11500.0,3.0,283.15,1603.15,1000.0,sammon_2021_deep_crust,878.3951601190258,1131.3890873421328,8181.540000000001,2989.542021476278,nan,nan,nan,16152.876936936938,998.3649537805368,59229.229229229226,0.07324458692309395,0.06839582153850693,nan,nan,3.2999826207928544,12.87606740140813,12.930603692575147,12.931134754309928,12.931134754309928
,71500.0,,,1.85e-06,11500.0,3.0,283.15,1603.15,1000.0,sammon_2021_lower_crust,878.3951601190258,1131.3890873421328,8181.540000000001,3056.8379131442684,53023.02302302302,14460.332792792795,966.3193342611985,15306.604864864867,981.8992092049681,56126.126126126124,0.07324458692309395,0.06839582153850693,0.04435051335167578,0.04710624398951602,3.3846084656180557,14.10001950102352,14.139715028876605,14.140163324826357,14.140163324826357
,71500.0,,,1.85e-06,11500.0,3.0,283.15,1603.15,1000.0,hacker_2015_md_xenolith,878.3951601190258,1131.3890873421328,8181.540000000001,3166.835306416005,49819.81981981982,13586.761621621623,951.1660779080602,15402.151711711713,983.7138822647172,56476.47647647647,0.07324458692309395,0.06839582153850693,0.0805005553987562,0.09145122424533181,3.4289534458738715,12.774211913512257,12.8203708057521,12.820484515304566,12.820484515304566
,71500.0,,,1.85e-06,11500.0,3.0,283.15,1603.15,1000.0,mackwell_1998_maryland_diabase,878.3951601190258,1131.3890873421328,8181.540000000001,3239.767564239552,43513.51351351351,11866.91837837838,924.091652717927,14542.230090090092,967.7883476277282,53323.32332332332,0.07324458692309395,0.06839582153850693,0.09732500792774461,0.1138256190901279,3.4513278407186676,12.271921511835956,12.303550083645437,12.303682329058006,12.303682329058006
,71500.0,,,1.85e-06,11500.0,3.0,283.15,1603.15,3000.0,sammon_2021_deep_crust,878.3951601190258,1131.3890873421328,8181.540000000001,2989.542021476278,nan,nan,nan,15811.6381981982,991.6189551341168,57977.97797797798,0.07324458692309395,0.06839582153850693,nan,nan,3.2999538544023537,14.819708148315389,14.913202600223284,14.914810460112605,14.914810460112605
,71500.0,,,1.85e-06,11500.0,3.0,283.15,1603.15,3000.0,sammon_2021_lower_crust,878.3951601190258,1131.3890873421328,8181.540000000001,3056.8379131442684,52022.02202202202,14187.341801801804,961.4825413808137,14938.06702702703,975.0055348925604,54774.77477477478,0.07324458692309395,0.06839582153850693,0.04510763385623893,0.047092285237382736,3.3845945068659224,18.42262878475615,19.072537445953387,19.073477093090048,19.073477093090048
,71500.0,,,1.85e-06,11500.0,3.0,283.15,1603.15,3000.0,hacker_2015_md_xenolith,878.3951601190258,1131.3890873421328,8181.540000000001,3166.835306416005,48618.61861861862,13259.172432432435,945.7269674237028,15033.613873873875,976.776651927229,55125.12512512512,0.07324458692309395,0.06839582153850693,0.08102248579777047,0.09145302725386406,3.4289552488824038,15.478337592529504,15.525474428047472,15.525708147177012,15.525708147177012
,71500.0,,,1.85e-06,11500.0,3.0,283.15,1603.15,3000.0,mackwell_1998_maryland_diabase,878.3951601190258,1131.3890873421328,8181.540000000001,3239.767564239552,42712.71271271271,11648.525585585587,920.9154275323631,14200.991351351351,961.722191700821,52072.07207207207,0.07324458692309395,0.06839582153850693,0.09864695993825331,0.11393349712615253,3.4514357187546922,14.725485561833898,14.804596970131083,14.804906258496151,14.804906258496151
,71500.0,,,1.85e-06,11500.0,3.0,283.15,1603.15,10000.0,sammon_2021_deep_crust,878.3951601190258,1131.3890873421328,8181.540000000001,2989.542021476278,nan,nan,nan,15634.194054054055,988.1679582622902,57327.32732732732,0.07324458692309395,0.06839582153850693,nan,nan,3.2999468272546766,17.727932748501456,18.228896534852908,18.230985968217126,18.230985968217126
,71500.0,,,1.85e-06,11500.0,3.0,283.15,1603.15,10000.0,sammon_2021_lower_crust,878.3951601190258,1131.3890873421328,8181.540000000001,3056.8379131442684,51771.771771771775,14119.094054054058,960.2877466081649,14787.921981981983,972.2451660416951,54224.22422422422,0.07324458692309395,0.06839582153850693,0.045679940605533154,0.04708626293098117,3.384588484559521,25.958963695753773,27.123452155216327,27.143815455918435,27.143815455918435
,71500.0,,,1.85e-06,11500.0,3.0,283.15,1603.15,10000.0,hacker_2015_md_xenolith,878.3951601190258,1131.3890873421328,8181.540000000001,3166.835306416005,48218.218218218215,13149.976036036036,943.943428855956,14869.81927927928,973.7473649511434,54524.524524524524,0.07324458692309395,0.06839582153850693,0.08132541294895898,0.091448890325871,3.4289511119544107,18.7796700167756,19.351603005082943,19.353195970599096,19.353195970599096
,71500.0,,,1.85e-06,11500.0,3.0,283.15,1603.15,10000.0,mackwell_1998_maryland_diabase,878.3951601190258,1131.3890873421328,8181.540000000001,3239.767564239552,42012.01201201201,11457.431891891893,918.1846260784176,14064.495855855856,959.3360589829105,51571.57157157157,0.07324458692309395,0.06839582153850693,0.0984951413005237,0.11398898383052547,3.451491205459065,18.181081244911304,18.394039051537725,18.39808577050292,18.39808577050292
,78000.0,,,1.8e-06,11000.0,3.0,283.15,1603.15,0.01,sammon_2021_deep_crust,830.7946291676318,1074.9477048501685,8181.540000000001,3034.913157720655,nan,nan,nan,nan,nan,nan,0.06777924806421197,0.06439850765841142,nan,nan,3.0700245680736242,0.9032450649504258,0.9178261842611348,0.9186453933451503,0.9186453933451503
,78000.0,,,1.8e-06,11000.0,3.0,283.15,1603.15,0.01,sammon_2021_lower_crust,830.7946291676318,1074.9477048501685,8181.540000000001,3152.858161235749,nan,nan,nan,nan,nan,nan,0.06777924806421197,0.06439850765841142,nan,nan,3.1822749973009388,0.7684092595501146,0.7809977895098565,0.7817027631252585,0.7817027631252585
,78000.0,,,1.8e-06,11000.0,3.0,283.15,1603.15,0.01,hacker_2015_md_xenolith,830.7946291676318,1074.9477048501685,8181.540000000001,3173.4983280947013,nan,nan,nan,nan,nan,nan,0.06777924806421197,0.06439850765841142,nan,nan,3.2029332841398293,0.7562872538164642,0.7682808653324584,0.768943578655535,0.768943578655535
,78000.0,,,1.8e-06,11000.0,3.0,283.15,1603.15,0.01,mackwell_1998_maryland_diabase,830.7946291676318,1074.9477048501685,8181.540000000001,3247.2344792182357,nan,nan,nan,nan,nan,nan,0.06777924806421197,0.06439850765841142,nan,nan,3.2739230650398623,0.7175999874220069,0.7303774441880662,0.7311040950791994,0.7311040950791994
,78000.0,,,1.8e-06,11000.0,3.0,283.15,1603.15,0.03,sammon_2021_deep_crust,830.7946291676318,1074.9477048501685,8181.540000000001,3034.913157720655,nan,nan,nan,nan,nan,nan,0.06777924806421197,0.06439850765841142,nan,nan,3.0742514551790796,0.9060076896809626,0.9180084683278622,0.9186902918736268,0.9186902918736268
,78000.0,,,1.8e-06,11000.0,3.0,283.15,1603.15,0.03,sammon_2021_lower_crust,830.7946291676318,1074.9477048501685,8181.540000000001,3152.858161235749,nan,nan,nan,nan,nan,nan,0.06777924806421197,0.06439850765841142,nan,nan,3.1863921683431986,0.7710006486191282,0.7811765383851164,0.7817548636997526,0.7817548636997526
,78000.0,,,1.8e-06,11000.0,3.0,283.15,1603.15,0.03,hacker_2015_md_xenolith,830.7946291676318,1074.9477048501685,8181.540000000001,3173.4983280947013,nan,nan,nan,nan,nan,nan,0.06777924806421197,0.06439850765841142,nan,nan,3.2073224377978846,0.7587073619559679,0.7684782132103967,0.7689862167330466,0.7689862167330466
,78000.0,,,1.8e-06,11000.0,3.0,283.15,1603.15,0.03,mackwell_1998_maryland_diabase,830.7946291676318,1074.9477048501685,8181.540000000001,3247.2344792182357,nan,nan,nan,nan,nan,nan,0.06777924806421197,0.06439850765841142,nan,nan,3.2776269648225393,0.7193404630480749,0.7304807877961641,0.7311969591472915,0.7311969591472915
,78000.0,,,1.8e-06,11000.0,3.0,283.15,1603.15,0.1,sammon_2021_deep_crust,830.7946291676318,1074.9477048501685,8181.540000000001,3034.913157720655,nan,nan,nan,nan,nan,nan,0.06777924806421197,0.06439850765841142,nan,nan,3.0867425593946827,1.3795397613426654,1.4156071342503127,1.4176456807053193,1.4176456807053193
,78000.0,,,1.8e-06,11000.0,3.0,283.15,1603.15,0.1,sammon_2021_lower_crust,830.7946291676318,1074.9477048501685,8181.540000000001,3152.858161235749,nan,nan,nan,nan,nan,nan,0.06777924806421197,0.06439850765841142,nan,nan,3.198655208591357,1.2610984354301862,1.2960845266713925,1.29805781400297,1.29805781400297
,78000.0,,,1.8e-06,11000.0,3.0,283.15,1603.15,0.1,hacker_2015_md_xenolith,830.7946291676318,1074.9477048501685,8181.540000000001,3173.4983280947013,nan,nan,nan,nan,nan,nan,0.06777924806421197,0.06439850765841142,nan,nan,3.220405187494353,1.3370052371579093,1.376980606087789,1.3792372444431642,1.3792372444431642
,78000.0,,,1.8e-06,11000.0,3.0,283.15,1603.15,0.1,mackwell_1998_maryland_diabase,830.7946291676318,1074.9477048501685,8181.540000000001,3247.2344792182357,nan,nan,nan,nan,nan,nan,0.06777924806421197,0.06439850765841142,nan,nan,3.2888005811907086,1.1328516421354402,1.16457098027663,1.1663612795287568,1.1663612795287568
,78000.0,,,1.8e-06,11000.0,3.0,283.15,1603.15,0.3,sammon_2021_deep_crust,830.7946291676318,1074.9477048501685,8181.540000000001,3034.913157720655,nan,nan,nan,nan,nan,nan,0.06777924806421197,0.06439850765841142,nan,nan,3.1139378251196543,2.575961303694264,2.650563393677452,2.654683487790115,2.654683487790115
,78000.0,,,1.8e-06,11000.0,3.0,283.15,1603.15,0.3,sammon_2021_lower_crust,830.7946291676318,1074.9477048501685,8181.540000000001,3152.858161235749,nan,nan,nan,nan,nan,nan,0.06777924806421197,0.06439850765841142,nan,nan,3.2253060969573704,2.4017794485813213,2.4667333948969175,2.4703002860577215,2.4703002860577215
,78000.0,,,1.8e-06,11000.0,3.0,283.15,1603.15,0.3,hacker_2015_md_xenolith,830.7946291676318,1074.9477048501685,8181.540000000001,3173.4983280947013,nan,nan,nan,nan,nan,nan,0.06777924806421197,0.06439850765841142,nan,nan,3.2491150806666,2.597044243439839,2.675009944553178,2.6793139200117366,2.6793139200117366
,78000.0,,,1.8e-06,11000.0,3.0,283.15,1603.15,0.3,mackwell_1998_maryland_diabase,830.7946291676318,1074.9477048501685,8181.540000000001,3247.2344792182357,nan,nan,nan,nan,nan,nan,0.06777924806421197,0.06439850765841142,nan,nan,3.3135386796211947,2.2081716386737185,2.2683529703281273,2.2716530367623347,2.2716530367623347
,78000.0,,,1.8e-06,11000.0,3.0,283.15,1603.15,1.0,sammon_2021_deep_crust,830.7946291676318,1074.9477048501685,8181.540000000001,3034.913157720655,nan,nan,nan,nan,nan,nan,0.06777924806421197,0.06439850765841142,nan,nan,3.1720647396590604,4.441886255339023,4.444380378873326,4.444654348137327,4.444654348137327
,78000.0,,,1.8e-06,11000.0,3.0,283.15,1603.15,1.0,sammon_2021_lower_crust,830.7946291676318,1074.9477048501685,8181.540000000001,3152.858161235749,nan,nan,nan,nan,nan,nan,0.06777924806421197,0.06439850765841142,nan,nan,3.280437984262492,3.974372619139551,3.975773482381621,3.9757751839799966,3.9757751839799966
,78000.0,,,1.8e-06,11000.0,3.0,283.15,1603.15,1.0,hacker_2015_md_xenolith,830.7946291676318,1074.9477048501685,8181.540000000001,3173.4983280947013,nan,nan,nan,nan,nan,nan,0.06777924806421197,0.06439850765841142,nan,nan,3.3109457304131533,4.564349398003637,4.5687214222532955,4.568737020939532,4.568737020939532
,78000.0,,,1.8e-06,11000.0,3.0,283.15,1603.15,1.0,mackwell_1998_maryland_diabase,830.7946291676318,1074.9477048501685,8181.540000000001,3247.2344792182357,73543.54354354355,20056.64810810811,1030.9403469054205,nan,nan,nan,0.06777924806421197,0.06439850765841142,0.011392011390662208,0.022837230329927127,3.366135561577392,3.7433400929981646,3.743894247387556,3.743906576943331,3.743906576943331
,78000.0,,,1.8e-06,11000.0,3.0,283.15,1603.15,3.0,sammon_2021_deep_crust,830.7946291676318,1074.9477048501685,8181.540000000001,3034.913157720655,nan,nan,nan,nan,nan,nan,0.06777924806421197,0.06439850765841142,nan,nan,3.2251526986124213,5.601407049871434,5.603465944350045,5.60350472617013,5.60350472617013
,78000.0,,,1.8e-06,11000.0,3.0,283.15,1603.15,3.0,sammon_2021_lower_crust,830.7946291676318,1074.9477048501685,8181.540000000001,3152.858161235749,nan,nan,nan,nan,nan,nan,0.06777924806421197,0.06439850765841142,nan,nan,3.327643204779091,5.074768143219745,5.075905504933969,5.075936315098867,5.075936315098867
,78000.0,,,1.8e-06,11000.0,3.0,283.15,1603.15,3.0,hacker_2015_md_xenolith,830.7946291676318,1074.9477048501685,8181.540000000001,3173.4983280947013,72342.34234234234,19729.05891891892,1023.161261404419,nan,nan,nan,0.06777924806421197,0.06439850765841142,0.014613665063227256,0.026496712263570643,3.3697950435110355,5.862516114428375,5.8639411656153175,5.8639923557052445,5.8639923557052445
,78000.0,,,1.8e-06,11000.0,3.0,283.15,1603.15,3.0,mackwell_1998_maryland_diabase,830.7946291676318,1074.9477048501685,8181.540000000001,3247.2344792182357,60680.680680680685,16548.713873873876,954.2981311069873,nan,nan,nan,0.06777924806421197,0.06439850765841142,0.0398658496654901,0.06918143003177057,3.4124797612792355,4.886011267651582,4.887309920791656,4.887368105329579,4.887368105329579
,78000.0,,,1.8e-06,11000.0,3.0,283.15,1603.15,10.0,sammon_2021_deep_crust,830.7946291676318,1074.9477048501685,8181.540000000001,3034.913157720655,nan,nan,nan,nan,nan,nan,0.06777924806421197,0.06439850765841142,nan,nan,3.2694117301210044,6.865027871187881,6.870122859959019,6.87073233933817,6.87073233933817
,78000.0,,,1.8e-06,11000.0,3.0,283.15,1603.15,10.0,sammon_2021_lower_crust,830.7946291676318,1074.9477048501685,8181.540000000001,3152.858161235749,71541.54154154155,19510.66612612613,1018.0463730191029,nan,nan,nan,0.06777924806421197,0.06439850765841142,0.012948577095415496,0.024728179138540973,3.368026510386006,6.4250031046466445,6.427823805568485,6.428176981192803,6.428176981192803
,78000.0,,,1.8e-06,11000.0,3.0,283.15,1603.15,10.0,hacker_2015_md_xenolith,830.7946291676318,1074.9477048501685,8181.540000000001,3173.4983280947013,60780.780780780784,16576.012972972974,954.8378560936596,nan,nan,nan,0.06777924806421197,0.06439850765841142,0.0369337110025269,0.06746373992695842,3.4107620711744233,7.473330412418257,7.478931997026956,7.478990281337234,7.478990281337234
,78000.0,,,1.8e-06,11000.0,3.0,283.15,1603.15,10.0,mackwell_1998_maryland_diabase,830.7946291676318,1074.9477048501685,8181.540000000001,3247.2344792182357,50920.92092092092,13887.051711711714,905.9467298419497,nan,nan,nan,0.06777924806421197,0.06439850765841142,0.062356364153195176,0.10105905413448824,3.444357385381953,6.440468944594285,6.442631745224656,6.442658973225048,6.442658973225048
,78000.0,,,1.8e-06,11000.0,3.0,283.15,1603.15,30.0,sammon_2021_deep_crust,830.7946291676318,1074.9477048501685,8181.540000000001,3034.913157720655,nan,nan,nan,20725.476036036038,1047.2204123092035,75995.995995996,0.06777924806421197,0.06439850765841142,nan,nan,3.3034489804687026,7.8260919382866945,7.831769215250205,7.832142823201704,7.832142823201704
,78000.0,,,1.8e-06,11000.0,3.0,283.15,1603.15,30.0,sammon_2021_lower_crust,830.7946291676318,1074.9477048501685,8181.540000000001,3152.858161235749,62332.33233233233,16999.14900900901,963.3173519706819,19633.512072072073,1020.9164920752694,71991.99199199199,0.06777924806421197,0.06439850765841142,0.030649563703534582,0.048297881597654246,3.391596212845119,7.652619202065152,7.66162742167268,7.66192661600537,7.66192661600537
,78000.0,,,1.8e-06,11000.0,3.0,283.15,1603.15,30.0,hacker_2015_md_xenolith,830.7946291676318,1074.9477048501685,8181.540000000001,3173.4983280947013,54374.374374374376,14828.870630630634,922.088906053489,19824.605765765766,1025.4169284277943,72692.69269269268,0.06777924806421197,0.06439850765841142,0.05697483256801869,0.09268269430852083,3.4359810255559857,8.93419033126727,8.944967905877906,8.945074389774858,8.945074389774858
,78000.0,,,1.8e-06,11000.0,3.0,283.15,1603.15,30.0,mackwell_1998_maryland_diabase,830.7946291676318,1074.9477048501685,8181.540000000001,3247.2344792182357,45365.36536536537,12371.951711711714,882.2006763643275,18527.89855855856,995.7339445771607,67937.93793793794,0.06777924806421197,0.06439850765841142,0.07834231106392811,0.11594046410123937,3.4592387953487043,7.999540424375846,8.006309553491445,8.00634755641201,8.00634755641201
,78000.0,,,1.8e-06,11000.0,3.0,283.15,1603.15,100.0,sammon_2021_deep_crust,830.7946291676318,1074.9477048501685,8181.540000000001,3034.913157720655,nan,nan,nan,17900.01927927928,982.0823807804259,65635.63563563564,0.06777924806421197,0.06439850765841142,nan,nan,3.3095387233434357,8.569276816422883,8.578506592397105,8.57861658146979,8.57861658146979
,78000.0,,,1.8e-06,11000.0,3.0,283.15,1603.15,100.0,sammon_2021_lower_crust,830.7946291676318,1074.9477048501685,8181.540000000001,3152.858161235749,55975.975975975976,15265.656216216219,929.9345342098443,17040.097657657658,964.1492908439492,62482.48248248248,0.06777924806421197,0.06439850765841142,0.040833914179201077,0.05023049455352835,3.3935288258009932,8.492964871521398,8.499163637289474,8.499322952281128,8.499322952281128
,78000.0,,,1.8e-06,11000.0,3.0,283.15,1603.15,100.0,hacker_2015_md_xenolith,830.7946291676318,1074.9477048501685,8181.540000000001,3173.4983280947013,50470.47047047047,13764.205765765768,903.9192916719301,17190.242702702704,967.2168583273319,63033.03303303303,0.06777924806421197,0.06439850765841142,0.07206574631536818,0.09479707431225926,3.438095405559724,10.209491110476826,10.23305704062142,10.233071449265466,10.233071449265466
,78000.0,,,1.8e-06,11000.0,3.0,283.15,1603.15,100.0,mackwell_1998_maryland_diabase,830.7946291676318,1074.9477048501685,8181.540000000001,3247.2344792182357,41961.96196196196,11443.782342342343,869.0070826073799,16111.92828828829,945.7835179663275,59079.07907907908,0.06777924806421197,0.06439850765841142,0.08902206911684278,0.11600709957470245,3.4593054308221673,9.63507830647712,9.65778189391236,9.658062747317183,9.658062747317183
,78000.0,,,1.8e-06,11000.0,3.0,283.15,1603.15,300.0,sammon_2021_deep_crust,830.7946291676318,1074.9477048501685,8181.540000000001,3034.913157720655,nan,nan,nan,16262.073333333336,948.684728811326,59629.62962962963,0.06777924806421197,0.06439850765841142,nan,nan,3.309469483556293,11.0232444318118,11.05371815533595,11.053844482742592,11.053844482742592
,78000.0,,,1.8e-06,11000.0,3.0,283.15,1603.15,300.0,sammon_2021_lower_crust,830.7946291676318,1074.9477048501685,8181.540000000001,3152.858161235749,52422.42242242242,14296.5381981982,912.834962200288,15524.99765765766,934.700629659361,56926.92692692693,0.06777924806421197,0.06439850765841142,0.044803197474982265,0.05005159953751148,3.3933499307849764,9.499506728178272,9.51117936125924,9.511365934943328,9.511365934943328
,78000.0,,,1.8e-06,11000.0,3.0,283.15,1603.15,300.0,hacker_2015_md_xenolith,830.7946291676318,1074.9477048501685,8181.540000000001,3173.4983280947013,48218.218218218215,13149.976036036036,894.0523191582447,15661.493153153153,937.2413492274113,57427.42742742742,0.06777924806421197,0.06439850765841142,0.07902898987135193,0.09436558332877132,3.437663914576236,11.099456616887373,11.11580228105311,11.115963388842927,11.115963388842927
,78000.0,,,1.8e-06,11000.0,3.0,283.15,1603.15,300.0,mackwell_1998_maryland_diabase,830.7946291676318,1074.9477048501685,8181.540000000001,3247.2344792182357,40310.310310310306,10993.347207207207,862.9749419711436,14733.323783783786,920.4030327567722,54024.024024024024,0.06777924806421197,0.06439850765841142,0.09424771807513535,0.11617209288269859,3.4594704241301635,10.706707631123567,10.728360157268629,10.728790301158355,10.728790301158355
,78000.0,,,1.8e-06,11000.0,3.0,283.15,1603.15,1000.0,sammon_2021_deep_crust,830.7946291676318,1074.9477048501685,8181.540000000001,3034.913157720655,nan,nan,nan,15238.357117117119,929.4375103923828,55875.87587587588,0.06777924806421197,0.06439850765841142,nan,nan,3.3094236143758153,13.122504993249333,13.210487103735487,13.211406115598361,13.211406115598361
,78000.0,,,1.8e-06,11000.0,3.0,283.15,1603.15,1000.0,sammon_2021_lower_crust,830.7946291676318,1074.9477048501685,8181.540000000001,3152.858161235749,49819.81981981982,13586.761621621623,901.0225733457756,14514.930990990992,916.5905300323896,53223.22322322322,0.06777924806421197,0.06439850765841142,0.04680000543069722,0.05004396540987255,3.3933422966573374,11.367934789372264,11.395409177933997,11.395476080728935,11.395476080728935
,78000.0,,,1.8e-06,11000.0,3.0,283.15,1603.15,1000.0,hacker_2015_md_xenolith,830.7946291676318,1074.9477048501685,8181.540000000001,3173.4983280947013,46216.21621621621,12603.994054054056,885.6597601929126,14610.47783783784,918.2514943137334,53573.57357357357,0.06777924806421197,0.06439850765841142,0.08271005587874211,0.09444471250638786,3.4377430437538528,12.643669973749805,12.697702746302038,12.698038908195665,12.698038908195665
,78000.0,,,1.8e-06,11000.0,3.0,283.15,1603.15,1000.0,mackwell_1998_maryland_diabase,830.7946291676318,1074.9477048501685,8181.540000000001,3247.2344792182357,39159.15915915916,10679.407567567569,858.9139495782225,13791.504864864866,904.3682766740291,50570.57057057057,0.06777924806421197,0.06439850765841142,0.09800648773705695,0.1165496304892577,3.4598479617367226,12.225179070206613,12.275952885807698,12.276715430416603,12.276715430416603
,78000.0,,,1.8e-06,11000.0,3.0,283.15,1603.15,3000.0,sammon_2021_deep_crust,830.7946291676318,1074.9477048501685,8181.540000000001,3034.913157720655,nan,nan,nan,14787.921981981983,921.3650545147868,54224.22422422422,0.06777924806421197,0.06439850765841142,nan,nan,3.3094138526962853,15.935557030160123,16.019669358968272,16.02168232822252,16.02168232822252
,78000.0,,,1.8e-06,11000.0,3.0,283.15,1603.15,3000.0,sammon_2021_lower_crust,830.7946291676318,1074.9477048501685,8181.540000000001,3152.858161235749,48718.71871871872,13286.471531531533,896.206059380321,14078.14540540541,909.136329260468,51621.62162162163,0.06777924806421197,0.06439850765841142,0.047728619455836424,0.05004835578684963,3.3933466870343145,12.748850098013012,12.864814774842012,12.866604628178525,12.866604628178525
,78000.0,,,1.8e-06,11000.0,3.0,283.15,1603.15,3000.0,hacker_2015_md_xenolith,830.7946291676318,1074.9477048501685,8181.540000000001,3173.4983280947013,44814.81481481482,12221.80666666667,879.9966955478513,14132.743603603607,910.0556498492716,51821.821821821824,0.06777924806421197,0.06439850765841142,0.08347072709227561,0.09447403927173603,3.437772370519201,15.13106950208018,15.238630256634202,15.239137072849774,15.239137072849774
,78000.0,,,1.8e-06,11000.0,3.0,283.15,1603.15,3000.0,mackwell_1998_maryland_diabase,830.7946291676318,1074.9477048501685,8181.540000000001,3247.2344792182357,38058.05805805806,10379.117477477477,855.1396110238221,13354.71927927928,897.2912695634706,48968.96896896897,0.06777924806421197,0.06439850765841142,0.09924106338617511,0.11670742072109075,3.4600057519685556,14.554850552630034,14.761520957647704,14.761602698006788,14.761602698006788
,78000.0,,,1.8e-06,11000.0,3.0,283.15,1603.15,10000.0,sammon_2021_deep_crust,830.7946291676318,1074.9477048501685,8181.540000000001,3034.913157720655,nan,nan,nan,14555.879639639643,917.3010374557135,53373.373373373375,0.06777924806421197,0.06439850765841142,nan,nan,3.309400676074925,19.323219241983015,19.516160894346804,19.519145452977508,19.519145452977508
,78000.0,,,1.8e-06,11000.0,3.0,283.15,1603.15,10000.0,sammon_2021_lower_crust,830.7946291676318,1074.9477048501685,8181.540000000001,3152.858161235749,48368.36836836836,13190.924684684684,894.6961060046763,13873.402162162163,905.7205693264777,50870.87087087087,0.06777924806421197,0.06439850765841142,0.04835893949007155,0.050050101137779635,3.3933484323852445,15.556539398775314,15.849191582692344,15.849769920390996,15.849769920390996
,78000.0,,,1.8e-06,11000.0,3.0,283.15,1603.15,10000.0,hacker_2015_md_xenolith,830.7946291676318,1074.9477048501685,8181.540000000001,3173.4983280947013,44364.364364364366,12098.960720720723,878.2134546892567,13928.000360360362,906.626545799903,51071.07107107107,0.06777924806421197,0.06439850765841142,0.08396328600651994,0.09448295147516284,3.4377812827226277,19.23187567197597,19.370496800775875,19.37225298751004,19.37225298751004
,78000.0,,,1.8e-06,11000.0,3.0,283.15,1603.15,10000.0,mackwell_1998_maryland_diabase,830.7946291676318,1074.9477048501685,8181.540000000001,3247.2344792182357,36956.95695695696,10078.82738738739,851.4729150001409,13177.275135135136,894.4812879872761,48318.318318318314,0.06777924806421197,0.06439850765841142,0.09858898340875767,0.11677238370961751,3.4600707149570824,18.566584109267342,18.885806741207542,18.88591229545763,18.88591229545763
,85000.0,,,1.75e-06,10500.0,3.0,283.15,1603.15,0.01,sammon_2021_deep_crust,786.959610982067,1018.7372990097317,8181.540000000001,3113.6338120736123,nan,nan,nan,nan,nan,nan,0.06269407463087157,0.06041949313330457,nan,nan,3.146567282820153,0.8747137021658877,0.8893587558873198,0.8901559888664723,0.8901559888664723
,85000.0,,,1.75e-06,10500.0,3.0,283.15,1603.15,0.01,sammon_2021_lower_crust,786.959610982067,1018.7372990097317,8181.540000000001,3226.467760383346,nan,nan,nan,nan,nan,nan,0.06269407463087157,0.06041949313330457,nan,nan,3.2535853823702316,0.7389975695306316,0.7517928719954627,0.75250679894124,0.75250679894124
,85000.0,,,1.75e-06,10500.0,3.0,283.15,1603.15,0.01,hacker_2015_md_xenolith,786.959610982067,1018.7372990097317,8181.540000000001,3257.16906446121,nan,nan,nan,nan,nan,nan,0.06269407463087157,0.06041949313330457,nan,nan,3.283878812598869,0.7219075935194377,0.734191640539307,0.7348087655632752,0.7348087655632752
,85000.0,,,1.75e-06,10500.0,3.0,283.15,1603.15,0.01,mackwell_1998_maryland_diabase,786.959610982067,1018.7372990097317,8181.540000000001,3312.553276235781,nan,nan,nan,nan,nan,nan,0.06269407463087157,0.06041949313330457,nan,nan,3.3372913697692566,0.6920099308330577,0.7047806498624006,0.7055159951325822,0.7055159951325822
,85000.0,,,1.75e-06,10500.0,3.0,283.15,1603.15,0.03,sammon_2021_deep_crust,786.959610982067,1018.7372990097317,8181.540000000001,3113.6338120736123,nan,nan,nan,nan,nan,nan,0.06269407463087157,0.06041949313330457,nan,nan,3.149145543936997,0.8762409662670715,0.8894690026986749,0.8901889619506164,0.8901889619506164
,85000.0,,,1.75e-06,10500.0,3.0,283.15,1603.15,0.03,sammon_2021_lower_crust,786.959610982067,1018.7372990097317,8181.540000000001,3226.467760383346,nan,nan,nan,nan,nan,nan,0.06269407463087157,0.06041949313330457,nan,nan,3.255952609012046,0.7403745979788867,0.7518924137105343,0.7525517669583132,0.7525517669583132
,85000.0,,,1.75e-06,10500.0,3.0,283.15,1603.15,0.03,hacker_2015_md_xenolith,786.959610982067,1018.7372990097317,8181.540000000001,3257.16906446121,nan,nan,nan,nan,nan,nan,0.06269407463087157,0.06041949313330457,nan,nan,3.2864534931236236,0.7233929827233377,0.7342459686830672,0.7348766674793933,0.7348766674793933
,85000.0,,,1.75e-06,10500.0,3.0,283.15,1603.15,0.03,mackwell_1998_maryland_diabase,786.959610982067,1018.7372990097317,8181.540000000001,3312.553276235781,nan,nan,nan,nan,nan,nan,0.06269407463087157,0.06041949313330457,nan,nan,3.339441719839642,0.6932202891795909,0.7047793616248648,0.7055147067769303,0.7055147067769303
,85000.0,,,1.75e-06,10500.0,3.0,283.15,1603.15,0.1,sammon_2021_deep_crust,786.959610982067,1018.7372990097317,8181.540000000001,3113.6338120736123,nan,nan,nan,nan,nan,nan,0.06269407463087157,0.06041949313330457,nan,nan,3.1569484887815618,1.0041106562238726,1.0228963389990446,1.0239584995653699,1.0239584995653699
,85000.0,,,1.75e-06,10500.0,3.0,283.15,1603.15,0.1,sammon_2021_lower_crust,786.959610982067,1018.7372990097317,8181.540000000001,3226.467760383346,nan,nan,nan,nan,nan,nan,0.06269407463087157,0.06041949313330457,nan,nan,3.263077954491539,0.8508394219878745,0.8667201505100935,0.8676159377767526,0.8676159377767526
,85000.0,,,1.75e-06,10500.0,3.0,283.15,1603.15,0.1,hacker_2015_md_xenolith,786.959610982067,1018.7372990097317,8181.540000000001,3257.16906446121,nan,nan,nan,nan,nan,nan,0.06269407463087157,0.06041949313330457,nan,nan,3.2942938379742572,0.9068046806184746,0.9276067943193793,0.9287835773252872,0.9287835773252872
,85000.0,,,1.75e-06,10500.0,3.0,283.15,1603.15,0.1,mackwell_1998_maryland_diabase,786.959610982067,1018.7372990097317,8181.540000000001,3312.553276235781,nan,nan,nan,nan,nan,nan,0.06269407463087157,0.06041949313330457,nan,nan,3.346063626912051,0.7718190480828604,0.7874500817447996,0.7883383647699901,0.7883383647699901
,85000.0,,,1.75e-06,10500.0,3.0,283.15,1603.15,0.3,sammon_2021_deep_crust,786.959610982067,1018.7372990097317,8181.540000000001,3113.6338120736123,nan,nan,nan,nan,nan,nan,0.06269407463087157,0.06041949313330457,nan,nan,3.173981333230839,1.7177056401966808,1.7454996922593813,1.7469376640788206,1.7469376640788206
,85000.0,,,1.75e-06,10500.0,3.0,283.15,1603.15,0.3,sammon_2021_lower_crust,786.959610982067,1018.7372990097317,8181.540000000001,3226.467760383346,nan,nan,nan,nan,nan,nan,0.06269407463087157,0.06041949313330457,nan,nan,3.278229423501096,1.4500753619238211,1.4636244158945977,1.4642254644075774,1.4642254644075774
,85000.0,,,1.75e-06,10500.0,3.0,283.15,1603.15,0.3,hacker_2015_md_xenolith,786.959610982067,1018.7372990097317,8181.540000000001,3257.16906446121,nan,nan,nan,nan,nan,nan,0.06269407463087157,0.06041949313330457,nan,nan,3.3117210783130644,1.6574126446458277,1.691363362529731,1.6931596477002793,1.6931596477002793
,85000.0,,,1.75e-06,10500.0,3.0,283.15,1603.15,0.3,mackwell_1998_maryland_diabase,786.959610982067,1018.7372990097317,8181.540000000001,3312.553276235781,68938.93893893894,18800.889549549553,949.3126037114521,nan,nan,nan,0.06269407463087157,0.06041949313330457,0.005648308539272805,0.011922955424390924,3.360993676708932,1.420375812231802,1.447837905193294,1.4492817809902805,1.4492817809902805
,85000.0,,,1.75e-06,10500.0,3.0,283.15,1603.15,1.0,sammon_2021_deep_crust,786.959610982067,1018.7372990097317,8181.540000000001,3113.6338120736123,nan,nan,nan,nan,nan,nan,0.06269407463087157,0.06041949313330457,nan,nan,3.2037040029189647,2.39481057185147,2.3958331814905396,2.3958480582151407,2.3958480582151407
,85000.0,,,1.75e-06,10500.0,3.0,283.15,1603.15,1.0,sammon_2021_lower_crust,786.959610982067,1018.7372990097317,8181.540000000001,3226.467760383346,nan,nan,nan,nan,nan,nan,0.06269407463087157,0.06041949313330457,nan,nan,3.3028893986652776,1.9900914219386,1.9903751286583615,1.9903847411673046,1.9903847411673046
,85000.0,,,1.75e-06,10500.0,3.0,283.15,1603.15,1.0,hacker_2015_md_xenolith,786.959610982067,1018.7372990097317,8181.540000000001,3257.16906446121,nan,nan,nan,nan,nan,nan,0.06269407463087157,0.06041949313330457,nan,nan,3.343829740192832,2.4191126180481666,2.4205349506253397,2.4205375304482044,2.4205375304482044
,85000.0,,,1.75e-06,10500.0,3.0,283.15,1603.15,1.0,mackwell_1998_maryland_diabase,786.959610982067,1018.7372990097317,8181.540000000001,3312.553276235781,55525.52552552553,15142.810270270274,878.9578216706213,nan,nan,nan,0.06269407463087157,0.06041949313330457,0.019252008491655457,0.03962059310028332,3.3886913143848245,2.1021041186125187,2.1024980034489635,2.102500224208384,2.102500224208384
,85000.0,,,1.75e-06,10500.0,3.0,283.15,1603.15,3.0,sammon_2021_deep_crust,786.959610982067,1018.7372990097317,8181.540000000001,3113.6338120736123,nan,nan,nan,nan,nan,nan,0.06269407463087157,0.06041949313330457,nan,nan,3.2337617287255482,2.9927812949168806,2.993316275014405,2.9933215319159943,2.9933215319159943
,85000.0,,,1.75e-06,10500.0,3.0,283.15,1603.15,3.0,sammon_2021_lower_crust,786.959610982067,1018.7372990097317,8181.540000000001,3226.467760383346,nan,nan,nan,nan,nan,nan,0.06269407463087157,0.06041949313330457,nan,nan,3.331702930301738,2.5493980953102606,2.5502384018546405,2.5502489085977778,2.5502489085977778
,85000.0,,,1.75e-06,10500.0,3.0,283.15,1603.15,3.0,hacker_2015_md_xenolith,786.959610982067,1018.7372990097317,8181.540000000001,3257.16906446121,68238.23823823823,18609.795855855857,945.261966477236,nan,nan,nan,0.06269407463087157,0.06041949313330457,0.012403621035990435,0.025129457132058608,3.3742001784166,3.1003074254883214,3.101720705623304,3.101737288720836,3.101737288720836
,85000.0,,,1.75e-06,10500.0,3.0,283.15,1603.15,3.0,mackwell_1998_maryland_diabase,786.959610982067,1018.7372990097317,8181.540000000001,3312.553276235781,46716.71671671672,12740.489549549551,841.0039149227994,nan,nan,nan,0.06269407463087157,0.06041949313330457,0.03413060744669457,0.0650906673439473,3.4141613886284885,2.746157581831925,2.747101049862941,2.7471057274324133,2.7471057274324133
,85000.0,,,1.75e-06,10500.0,3.0,283.15,1603.15,10.0,sammon_2021_deep_crust,786.959610982067,1018.7372990097317,8181.540000000001,3113.6338120736123,nan,nan,nan,nan,nan,nan,0.06269407463087157,0.06041949313330457,nan,nan,3.27976801647232,3.7749650832845014,3.775476744057315,3.7754894789647517,3.7754894789647517
,85000.0,,,1.75e-06,10500.0,3.0,283.15,1603.15,10.0,sammon_2021_lower_crust,786.959610982067,1018.7372990097317,8181.540000000001,3226.467760383346,71091.09109109109,19387.820180180184,962.0125852788069,nan,nan,nan,0.06269407463087157,0.06041949313330457,0.012630833346638936,0.024359765096720665,3.373430486381262,3.3016857450627852,3.302876312639502,3.302962091742101,3.302962091742101
,85000.0,,,1.75e-06,10500.0,3.0,283.15,1603.15,10.0,hacker_2015_md_xenolith,786.959610982067,1018.7372990097317,8181.540000000001,3257.16906446121,56776.77677677678,15484.049009009012,884.8794633094902,nan,nan,nan,0.06269407463087157,0.06041949313330457,0.03424297758777493,0.06742558886080463,3.416496310145346,3.9979414421726496,3.9996918415298945,4.000065361689621,4.000065361689621
,85000.0,,,1.75e-06,10500.0,3.0,283.15,1603.15,10.0,mackwell_1998_maryland_diabase,786.959610982067,1018.7372990097317,8181.540000000001,3312.553276235781,40310.310310310306,10993.347207207207,817.5088001772228,nan,nan,nan,0.06269407463087157,0.06041949313330457,0.0531027211214588,0.09843601552034498,3.447506736804886,3.6469722768275687,3.650251138040584,3.6502816624877243,3.6502816624877243
,85000.0,,,1.75e-06,10500.0,3.0,283.15,1603.15,30.0,sammon_2021_deep_crust,786.959610982067,1018.7372990097317,8181.540000000001,3113.6338120736123,nan,nan,nan,20329.6390990991,983.2074280636153,74544.54454454454,0.06269407463087157,0.06041949313330457,nan,nan,3.3123129539711003,5.094605636849383,5.0968003893527225,5.096826612893177,5.096826612893177
,85000.0,,,1.75e-06,10500.0,3.0,283.15,1603.15,30.0,sammon_2021_lower_crust,786.959610982067,1018.7372990097317,8181.540000000001,3226.467760383346,60430.43043043043,16480.466126126128,902.9258654569705,19387.820180180184,962.0125852788069,71091.09109109109,0.06269407463087157,0.06041949313330457,0.030427275134479414,0.048998194415665,3.398068915700206,4.410308459402875,4.410979689290663,4.411030814639767,4.411030814639767
,85000.0,,,1.75e-06,10500.0,3.0,283.15,1603.15,30.0,hacker_2015_md_xenolith,786.959610982067,1018.7372990097317,8181.540000000001,3257.16906446121,50020.02002002002,13641.359819819821,854.470231552338,19456.067927927932,963.5146628058496,71341.34134134135,0.06269407463087157,0.06041949313330457,0.05535824766176089,0.09296196423147363,3.442032685516015,4.833212103072371,4.835633989262698,4.835696692890271,4.835696692890271
,85000.0,,,1.75e-06,10500.0,3.0,283.15,1603.15,30.0,mackwell_1998_maryland_diabase,786.959610982067,1018.7372990097317,8181.540000000001,3312.553276235781,36706.706706706704,10010.57963963964,805.8129271924618,18323.155315315315,939.2636005466633,67187.18718718718,0.06269407463087157,0.06041949313330457,0.07048748256146396,0.11531433387963919,3.4643850551641804,4.591998842906251,4.600494645177133,4.600532895978423,4.600532895978423
,85000.0,,,1.75e-06,10500.0,3.0,283.15,1603.15,100.0,sammon_2021_deep_crust,786.959610982067,1018.7372990097317,8181.540000000001,3113.6338120736123,nan,nan,nan,17354.0372972973,919.6729584036393,63633.63363363363,0.06269407463087157,0.06041949313330457,nan,nan,3.317832557569963,7.18863398372059,7.198844582074996,7.198934225849337,7.198934225849337
,85000.0,,,1.75e-06,10500.0,3.0,283.15,1603.15,100.0,sammon_2021_lower_crust,786.959610982067,1018.7372990097317,8181.540000000001,3226.467760383346,53123.12312312312,14487.631891891891,867.958167795169,16535.064324324325,903.9472232818101,60630.63063063063,0.06269407463087157,0.06041949313330457,0.04110797686739366,0.052024528439246875,3.401095249723788,6.059851559874028,6.068068651578703,6.068171028211797,6.068171028211797
,85000.0,,,1.75e-06,10500.0,3.0,283.15,1603.15,100.0,hacker_2015_md_xenolith,786.959610982067,1018.7372990097317,8181.540000000001,3257.16906446121,45665.66566566566,12453.84900900901,836.9120441878408,16603.312072072073,905.2286709661712,60880.88088088088,0.06269407463087157,0.06041949313330457,0.07070402862325932,0.09615269159466378,3.445223412879205,6.264344395462268,6.2684431549928625,6.268460455900079,6.268460455900079
,85000.0,,,1.75e-06,10500.0,3.0,283.15,1603.15,100.0,mackwell_1998_maryland_diabase,786.959610982067,1018.7372990097317,8181.540000000001,3312.553276235781,34504.504504504504,9409.999459459461,799.204250557353,15620.544504504503,887.2850675463479,57277.27727727727,0.06269407463087157,0.06041949313330457,0.08357231283730461,0.11706465084394058,3.4661353721284818,5.515808133255142,5.526366292397849,5.526468154744027,5.526468154744027
,85000.0,,,1.75e-06,10500.0,3.0,283.15,1603.15,300.0,sammon_2021_deep_crust,786.959610982067,1018.7372990097317,8181.540000000001,3113.6338120736123,nan,nan,nan,15620.544504504503,887.2850675463479,57277.27727727727,0.06269407463087157,0.06041949313330457,nan,nan,3.317823020946715,9.746168401393037,9.771349523791873,9.771426335749517,9.771426335749517
,85000.0,,,1.75e-06,10500.0,3.0,283.15,1603.15,300.0,sammon_2021_lower_crust,786.959610982067,1018.7372990097317,8181.540000000001,3226.467760383346,49369.369369369364,13463.915675675677,851.7450412935974,14910.767927927927,875.0064784220638,54674.67467467467,0.06269407463087157,0.06041949313330457,0.045651950811836234,0.05209676590424417,3.4011674871887854,8.043412766552258,8.050180721787527,8.050230490423285,8.050230490423285
,85000.0,,,1.75e-06,10500.0,3.0,283.15,1603.15,300.0,hacker_2015_md_xenolith,786.959610982067,1018.7372990097317,8181.540000000001,3257.16906446121,43663.66366366366,11907.867027027027,829.3755821166737,14979.015675675679,876.1623043299695,54924.924924924926,0.06269407463087157,0.06041949313330457,0.07844598305400567,0.09637511177922242,3.4454458330637636,8.357392461970665,8.367836644017318,8.36788237705405,8.36788237705405
,85000.0,,,1.75e-06,10500.0,3.0,283.15,1603.15,300.0,mackwell_1998_maryland_diabase,786.959610982067,1018.7372990097317,8181.540000000001,3312.553276235781,33403.403403403405,9109.709369369371,796.0531919199775,14105.444504504507,861.7663443288552,51721.721721721726,0.06269407463087157,0.06041949313330457,0.09014748240200689,0.11766533470047902,3.46673605598502,6.487261223138044,6.491080445980722,6.491151816234147,6.491151816234147
,85000.0,,,1.75e-06,10500.0,3.0,283.15,1603.15,1000.0,sammon_2021_deep_crust,786.959610982067,1018.7372990097317,8181.540000000001,3113.6338120736123,nan,nan,nan,14487.631891891891,867.958167795169,53123.12312312312,0.06269407463087157,0.06041949313330457,nan,nan,3.3178173121345793,13.004138498658467,13.126710714124684,13.12696080823046,13.12696080823046
,85000.0,,,1.75e-06,10500.0,3.0,283.15,1603.15,1000.0,sammon_2021_lower_crust,786.959610982067,1018.7372990097317,8181.540000000001,3226.467760383346,47067.067067067066,12836.0363963964,842.388562479986,13859.752612612614,857.8732938071538,50820.82082082082,0.06269407463087157,0.06041949313330457,0.048185989949898596,0.052129354272029804,3.401200075556571,10.543571567974872,10.606993295772096,10.60707364876234,10.60707364876234
,85000.0,,,1.75e-06,10500.0,3.0,283.15,1603.15,1000.0,hacker_2015_md_xenolith,786.959610982067,1018.7372990097317,8181.540000000001,3257.16906446121,42412.412412412414,11566.62828828829,824.8368356639924,13914.35081081081,858.7325045322999,51021.02102102102,0.06269407463087157,0.06041949313330457,0.08300067869934197,0.09650184622078317,3.4455725675053244,11.014516532953602,11.077645817597471,11.078448732872266,11.078448732872266
,85000.0,,,1.75e-06,10500.0,3.0,283.15,1603.15,1000.0,mackwell_1998_maryland_diabase,786.959610982067,1018.7372990097317,8181.540000000001,3312.553276235781,32852.852852852855,8959.564324324325,794.5159825213345,13149.976036036036,847.0109582567541,48218.218218218215,0.06269407463087157,0.06041949313330457,0.09425352885789194,0.11807189414856945,3.4671426154331106,8.309130705637882,8.31872779238,8.321958625480164,8.321958625480164
,85000.0,,,1.75e-06,10500.0,3.0,283.15,1603.15,3000.0,sammon_2021_deep_crust,786.959610982067,1018.7372990097317,8181.540000000001,3113.6338120736123,nan,nan,nan,13941.649909909911,859.1633766690894,51121.12112112112,0.06269407463087157,0.06041949313330457,nan,nan,3.3178158103504445,16.761353337743685,16.890044549713075,16.890732799427603,16.890732799427603
,85000.0,,,1.75e-06,10500.0,3.0,283.15,1603.15,3000.0,sammon_2021_lower_crust,786.959610982067,1018.7372990097317,8181.540000000001,3226.467760383346,46016.016016016016,12549.395855855855,838.2656557767268,13354.71927927928,850.0857359734014,48968.96896896897,0.06269407463087157,0.06041949313330457,0.04942201164046017,0.0521413110872917,3.401212032371833,13.047795134801092,13.112272829006958,13.115500318004774,13.115500318004774
,85000.0,,,1.75e-06,10500.0,3.0,283.15,1603.15,3000.0,hacker_2015_md_xenolith,786.959610982067,1018.7372990097317,8181.540000000001,3257.16906446121,41711.711711711716,11375.534594594597,822.3527758773349,13382.01837837838,850.499295529234,49069.06906906907,0.06269407463087157,0.06041949313330457,0.08504121452857094,0.09654564304259106,3.4456163643271323,13.585003589689705,13.641476730470963,13.642611833465985,13.642611833465985
,85000.0,,,1.75e-06,10500.0,3.0,283.15,1603.15,3000.0,mackwell_1998_maryland_diabase,786.959610982067,1018.7372990097317,8181.540000000001,3312.553276235781,32602.6026026026,8891.316576576577,793.8256961379392,12672.241801801803,840.0212148244622,46466.46646646647,0.06269407463087157,0.06041949313330457,0.0963934072693707,0.1182265899488053,3.4672973112333465,9.884875584249952,9.94560870163094,9.946040525635368,9.946040525635368
,85000.0,,,1.75e-06,10500.0,3.0,283.15,1603.15,10000.0,sammon_2021_deep_crust,786.959610982067,1018.7372990097317,8181.540000000001,3113.6338120736123,nan,nan,nan,13627.71027027027,854.2593347582185,49969.96996996997,0.06269407463087157,0.06041949313330457,nan,nan,3.317814770848659,20.808715866603244,21.79471991556349,21.794763028703862,21.794763028703862
,85000.0,,,1.75e-06,10500.0,3.0,283.15,1603.15,10000.0,sammon_2021_lower_crust,786.959610982067,1018.7372990097317,8181.540000000001,3226.467760383346,45565.565565565565,12426.54990990991,836.5271981809123,13081.72828828829,845.996588803008,47967.96796796797,0.06269407463087157,0.06041949313330457,0.050189341228360565,0.05214435113181004,3.4012150724163512,15.936345038638015,16.23753917681815,16.237809569091482,16.237809569091482
,85000.0,,,1.75e-06,10500.0,3.0,283.15,1603.15,10000.0,hacker_2015_md_xenolith,786.959610982067,1018.7372990097317,8181.540000000001,3257.16906446121,41361.36136136136,11279.98774774775,821.1262639681565,13109.027387387388,846.4017031973983,48068.06806806807,0.06269407463087157,0.06041949313330457,0.08600781349215915,0.0965606229120195,3.4456313441965607,16.62841461705231,16.849808904496175,16.850514781264042,16.850514781264042
,85000.0,,,1.75e-06,10500.0,3.0,283.15,1603.15,10000.0,mackwell_1998_maryland_diabase,786.959610982067,1018.7372990097317,8181.540000000001,3312.553276235781,32302.3023023023,8809.41927927928,793.0043197360548,12453.84900900901,836.9120441878408,45665.66566566566,0.06269407463087157,0.06041949313330457,0.09721268425086574,0.11828678632400003,3.4673575076085412,11.697552437330346,11.849017844050143,11.849264309235945,11.849264309235945
,92500.0,,,1.7e-06,10000.0,3.0,283.15,1603.15,0.01,sammon_2021_deep_crust,746.7268955651923,963.4805966918177,8181.540000000001,3138.396762655729,nan,nan,nan,nan,nan,nan,0.0579731496106038,0.05648695752016866,nan,nan,3.1716198192240186,0.8747569691529051,0.8886015775281297,0.8893659854680117,0.8893659854680117
,92500.0,,,1.7e-06,10000.0,3.0,283.15,1603.15,0.01,sammon_2021_lower_crust,746.7268955651923,963.4805966918177,8181.540000000001,3247.5012106919553,nan,nan,nan,nan,nan,nan,0.0579731496106038,0.05648695752016866,nan,nan,3.2750162925751845,0.7419692171587302,0.754146756343471,0.754801021527719,0.754801021527719
,92500.0,,,1.7e-06,10000.0,3.0,283.15,1603.15,0.01,hacker_2015_md_xenolith,746.7268955651923,963.4805966918177,8181.540000000001,3286.239111580788,nan,nan,nan,nan,nan,nan,0.0579731496106038,0.05648695752016866,nan,nan,3.3129702242788164,0.7204927018101858,0.73220896203487,0.7328851134149317,0.7328851134149317
,92500.0,,,1.7e-06,10000.0,3.0,283.15,1603.15,0.01,mackwell_1998_maryland_diabase,746.7268955651923,963.4805966918177,8181.540000000001,3340.4115256480427,30000.0,8181.540000000001,746.7268955651923,nan,nan,nan,0.0579731496106038,0.05648695752016866,0.009419145604113006,0.010525423935395128,3.3652705970082244,0.6907200604782819,0.7027839392179978,0.7034703297491341,0.7034703297491341
,92500.0,,,1.7e-06,10000.0,3.0,283.15,1603.15,0.03,sammon_2021_deep_crust,746.7268955651923,963.4805966918177,8181.540000000001,3138.396762655729,nan,nan,nan,nan,nan,nan,0.0579731496106038,0.05648695752016866,nan,nan,3.173366134597363,0.8757427703602261,0.8887522476587812,0.8893862459913725,0.8893862459913725
,92500.0,,,1.7e-06,10000.0,3.0,283.15,1603.15,0.03,sammon_2021_lower_crust,746.7268955651923,963.4805966918177,8181.540000000001,3247.5012106919553,nan,nan,nan,nan,nan,nan,0.0579731496106038,0.05648695752016866,nan,nan,3.2766081437984185,0.7428588650754986,0.7542086596891934,0.7548163781350559,0.7548163781350559
,92500.0,,,1.7e-06,10000.0,3.0,283.15,1603.15,0.03,hacker_2015_md_xenolith,746.7268955651923,963.4805966918177,8181.540000000001,3286.239111580788,nan,nan,nan,nan,nan,nan,0.0579731496106038,0.05648695752016866,nan,nan,3.3146445629085974,0.7214217932883844,0.7322755856124878,0.7328857346237236,0.7328857346237236
,92500.0,,,1.7e-06,10000.0,3.0,283.15,1603.15,0.03,mackwell_1998_maryland_diabase,746.7268955651923,963.4805966918177,8181.540000000001,3340.4115256480427,30000.0,8181.540000000001,746.7268955651923,nan,nan,nan,0.0579731496106038,0.05648695752016866,0.009784181258977962,0.011872085277280675,3.36661725835011,0.6914473351803954,0.702834943861558,0.7034731840695622,0.7034731840695622
,92500.0,,,1.7e-06,10000.0,3.0,283.15,1603.15,0.1,sammon_2021_deep_crust,746.7268955651923,963.4805966918177,8181.540000000001,3138.396762655729,nan,nan,nan,nan,nan,nan,0.0579731496106038,0.05648695752016866,nan,nan,3.1786670173959335,0.8791384281365249,0.8890533217046188,0.8894578331109186,0.8894578331109186
,92500.0,,,1.7e-06,10000.0,3.0,283.15,1603.15,0.1,sammon_2021_lower_crust,746.7268955651923,963.4805966918177,8181.540000000001,3247.5012106919553,nan,nan,nan,nan,nan,nan,0.0579731496106038,0.05648695752016866,nan,nan,3.2813704848987704,0.7459368833300937,0.7545975663671654,0.7548831520789826,0.7548831520789826
,92500.0,,,1.7e-06,10000.0,3.0,283.15,1603.15,0.1,hacker_2015_md_xenolith,746.7268955651923,963.4805966918177,8181.540000000001,3286.239111580788,nan,nan,nan,nan,nan,nan,0.0579731496106038,0.05648695752016866,nan,nan,3.3197300786127477,0.7246216867249217,0.7324879673592115,0.7329385179091423,0.7329385179091423
,92500.0,,,1.7e-06,10000.0,3.0,283.15,1603.15,0.1,mackwell_1998_maryland_diabase,746.7268955651923,963.4805966918177,8181.540000000001,3340.4115256480427,30000.0,8181.540000000001,746.7268955651923,nan,nan,nan,0.0579731496106038,0.05648695752016866,0.010938998253931185,0.01599523879965048,3.3707404118724797,0.6939732024594649,0.7030734567868696,0.703623982001809,0.703623982001809
,92500.0,,,1.7e-06,10000.0,3.0,283.15,1603.15,0.3,sammon_2021_deep_crust,746.7268955651923,963.4805966918177,8181.540000000001,3138.396762655729,nan,nan,nan,nan,nan,nan,0.0579731496106038,0.05648695752016866,nan,nan,3.1899551978726572,1.28880229395856,1.2932963354007274,1.2933972520234616,1.2933972520234616
,92500.0,,,1.7e-06,10000.0,3.0,283.15,1603.15,0.3,sammon_2021_lower_crust,746.7268955651923,963.4805966918177,8181.540000000001,3247.5012106919553,nan,nan,nan,nan,nan,nan,0.0579731496106038,0.05648695752016866,nan,nan,3.2910077100729227,1.0443183294452318,1.0446464317334758,1.044653362080864,1.044653362080864
,92500.0,,,1.7e-06,10000.0,3.0,283.15,1603.15,0.3,hacker_2015_md_xenolith,746.7268955651923,963.4805966918177,8181.540000000001,3286.239111580788,nan,nan,nan,nan,nan,nan,0.0579731496106038,0.05648695752016866,nan,nan,3.3306353883675994,1.1543549520701508,1.1596789305162882,1.1598358737328918,1.1598358737328918
,92500.0,,,1.7e-06,10000.0,3.0,283.15,1603.15,0.3,mackwell_1998_maryland_diabase,746.7268955651923,963.4805966918177,8181.540000000001,3340.4115256480427,30000.0,8181.540000000001,746.7268955651923,nan,nan,nan,0.0579731496106038,0.05648695752016866,0.013682313999135524,0.024849483643719417,3.3795946567165487,0.9522569115647455,0.9524869536702094,0.9525030731846764,0.9525030731846764
,92500.0,,,1.7e-06,10000.0,3.0,283.15,1603.15,1.0,sammon_2021_deep_crust,746.7268955651923,963.4805966918177,8181.540000000001,3138.396762655729,nan,nan,nan,nan,nan,nan,0.0579731496106038,0.05648695752016866,nan,nan,3.20826167823519,1.6903467958801077,1.691088828089824,1.6910934770658048,1.6910934770658048
,92500.0,,,1.7e-06,10000.0,3.0,283.15,1603.15,1.0,sammon_2021_lower_crust,746.7268955651923,963.4805966918177,8181.540000000001,3247.5012106919553,nan,nan,nan,nan,nan,nan,0.0579731496106038,0.05648695752016866,nan,nan,3.306626216707913,1.393026134468753,1.3972074059320962,1.3989160911727683,1.3989160911727683
,92500.0,,,1.7e-06,10000.0,3.0,283.15,1603.15,1.0,hacker_2015_md_xenolith,746.7268955651923,963.4805966918177,8181.540000000001,3286.239111580788,nan,nan,nan,nan,nan,nan,0.0579731496106038,0.05648695752016866,nan,nan,3.348671206085645,1.5559117528136714,1.556155724753666,1.5561575038677677,1.5561575038677677
,92500.0,,,1.7e-06,10000.0,3.0,283.15,1603.15,1.0,mackwell_1998_maryland_diabase,746.7268955651923,963.4805966918177,8181.540000000001,3340.4115256480427,30000.0,8181.540000000001,746.7268955651923,nan,nan,nan,0.0579731496106038,0.05648695752016866,0.019823023952966493,0.03915691418625178,3.393902087259081,1.2994517870119169,1.300180739280327,1.3001809845664403,1.3001809845664403
,92500.0,,,1.7e-06,10000.0,3.0,283.15,1603.15,3.0,sammon_2021_deep_crust,746.7268955651923,963.4805966918177,8181.540000000001,3138.396762655729,nan,nan,nan,nan,nan,nan,0.0579731496106038,0.05648695752016866,nan,nan,3.2349914855170625,2.5240190658629205,2.563229376441196,2.5652704476820247,2.5652704476820247
,92500.0,,,1.7e-06,10000.0,3.0,283.15,1603.15,3.0,sammon_2021_lower_crust,746.7268955651923,963.4805966918177,8181.540000000001,3247.5012106919553,nan,nan,nan,nan,nan,nan,0.0579731496106038,0.05648695752016866,nan,nan,3.332009905707031,2.2610513349340957,2.290266929275783,2.291775628575124,2.291775628575124
,92500.0,,,1.7e-06,10000.0,3.0,283.15,1603.15,3.0,hacker_2015_md_xenolith,746.7268955651923,963.4805966918177,8181.540000000001,3286.239111580788,69489.4894894895,18951.0345945946,901.5595481292635,nan,nan,nan,0.0579731496106038,0.05648695752016866,0.009542834351829881,0.01976155430830584,3.374506727381135,2.2767214756834386,2.305664014306158,2.30716901207934,2.30716901207934
,92500.0,,,1.7e-06,10000.0,3.0,283.15,1603.15,3.0,mackwell_1998_maryland_diabase,746.7268955651923,963.4805966918177,8181.540000000001,3340.4115256480427,30000.0,8181.540000000001,746.7268955651923,nan,nan,nan,0.0579731496106038,0.05648695752016866,0.02900962209895698,0.06030597915992075,3.41505115223275,1.8454088236738664,1.8619856164238493,1.862806354970495,1.862806354970495
,92500.0,,,1.7e-06,10000.0,3.0,283.15,1603.15,10.0,sammon_2021_deep_crust,746.7268955651923,963.4805966918177,8181.540000000001,3138.396762655729,nan,nan,nan,nan,nan,nan,0.0579731496106038,0.05648695752016866,nan,nan,3.2810821879682144,3.6114417979388747,3.61204455660736,3.612151156934645,3.612151156934645
,92500.0,,,1.7e-06,10000.0,3.0,283.15,1603.15,10.0,sammon_2021_lower_crust,746.7268955651923,963.4805966918177,8181.540000000001,3247.5012106919553,72942.94294294294,19892.853513513513,920.9445715656421,nan,nan,nan,0.0579731496106038,0.05648695752016866,0.009751235414749397,0.01912858272093132,3.3738737557937606,3.151657804017357,3.152149041127797,3.152150862831827,3.152150862831827
,92500.0,,,1.7e-06,10000.0,3.0,283.15,1603.15,10.0,hacker_2015_md_xenolith,746.7268955651923,963.4805966918177,8181.540000000001,3286.239111580788,56876.87687687688,15511.34810810811,838.747871387304,nan,nan,nan,0.0579731496106038,0.05648695752016866,0.030485411832453572,0.062228127424923674,3.416973300497753,3.1814153917237435,3.1820541466030194,3.182062684228631,3.182062684228631
,92500.0,,,1.7e-06,10000.0,3.0,283.15,1603.15,10.0,mackwell_1998_maryland_diabase,746.7268955651923,963.4805966918177,8181.540000000001,3340.4115256480427,30000.0,8181.540000000001,746.7268955651923,nan,nan,nan,0.0579731496106038,0.05648695752016866,0.045086460793416896,0.09380170226224882,3.448546875335078,2.5422262610824538,2.5424915593334503,2.54249408599952,2.54249408599952
,92500.0,,,1.7e-06,10000.0,3.0,283.15,1603.15,30.0,sammon_2021_deep_crust,746.7268955651923,963.4805966918177,8181.540000000001,3138.396762655729,nan,nan,nan,20588.980540540546,935.8768095033108,75495.4954954955,0.0579731496106038,0.05648695752016866,nan,nan,3.317619908643138,4.751082544299971,4.752780904493559,4.7528263175353285,4.7528263175353285
,92500.0,,,1.7e-06,10000.0,3.0,283.15,1603.15,30.0,sammon_2021_lower_crust,746.7268955651923,963.4805966918177,8181.540000000001,3247.5012106919553,61131.13113113113,16671.55981981982,858.5329943498746,19756.358018018018,918.0769020441202,72442.44244244244,0.0579731496106038,0.05648695752016866,0.0289173396145413,0.04836781826862735,3.4031129913414566,4.114298719459173,4.115742092114189,4.115819403711232,4.115819403711232
,92500.0,,,1.7e-06,10000.0,3.0,283.15,1603.15,30.0,hacker_2015_md_xenolith,746.7268955651923,963.4805966918177,8181.540000000001,3286.239111580788,49019.01901901902,13368.36882882883,805.9544197809688,19770.00756756757,918.3627805004828,72492.49249249249,0.0579731496106038,0.05648695752016866,0.05224455778370447,0.09206829506315195,3.446813468135981,4.168543675506209,4.170057807223927,4.170128398584058,4.170128398584058
,92500.0,,,1.7e-06,10000.0,3.0,283.15,1603.15,30.0,mackwell_1998_maryland_diabase,746.7268955651923,963.4805966918177,8181.540000000001,3340.4115256480427,30000.0,8181.540000000001,746.7268955651923,18678.043603603604,896.1164254792143,68488.48848848848,0.0579731496106038,0.05648695752016866,0.06338969473716155,0.1145425820444208,3.46928775511725,3.3390511241338934,3.340058339444451,3.3400948079466266,3.3400948079466266
,92500.0,,,1.7e-06,10000.0,3.0,283.15,1603.15,100.0,sammon_2021_deep_crust,746.7268955651923,963.4805966918177,8181.540000000001,3138.396762655729,nan,nan,nan,17272.14,869.3350497378289,63333.33333333333,0.0579731496106038,0.05648695752016866,nan,nan,3.325183197742193,6.613416729182982,6.622558389555014,6.6225909368084555,6.6225909368084555
,92500.0,,,1.7e-06,10000.0,3.0,283.15,1603.15,100.0,sammon_2021_lower_crust,746.7268955651923,963.4805966918177,8181.540000000001,3247.5012106919553,52472.47247247247,14310.18774774775,819.7673899560649,16548.713873873876,856.3705732973644,60680.680680680685,0.0579731496106038,0.05648695752016866,0.04091966486129459,0.05321415439091837,3.4079593274637476,5.613049510947746,5.615186513385558,5.615233340653771,5.615233340653771
,92500.0,,,1.7e-06,10000.0,3.0,283.15,1603.15,100.0,hacker_2015_md_xenolith,746.7268955651923,963.4805966918177,8181.540000000001,3286.239111580788,43763.76376376377,11935.166126126127,786.7383290107024,16562.363423423427,856.6100525291637,60730.730730730735,0.0579731496106038,0.05648695752016866,0.06927576811307783,0.0972091579106551,3.4519543309834844,5.713732421702389,5.71597185508627,5.715972701691932,5.715972701691932
,92500.0,,,1.7e-06,10000.0,3.0,283.15,1603.15,100.0,mackwell_1998_maryland_diabase,746.7268955651923,963.4805966918177,8181.540000000001,3340.4115256480427,30000.0,8181.540000000001,746.7268955651923,15606.894954954956,840.3233323769127,57227.227227227224,0.0579731496106038,0.05648695752016866,0.07972507358199715,0.11770307067701813,3.4724482437498474,4.535423866904172,4.5368722373443156,4.536915346023213,4.536915346023213
,92500.0,,,1.7e-06,10000.0,3.0,283.15,1603.15,300.0,sammon_2021_deep_crust,746.7268955651923,963.4805966918177,8181.540000000001,3138.396762655729,nan,nan,nan,15279.305765765766,834.9620303169023,56026.026026026026,0.0579731496106038,0.05648695752016866,nan,nan,3.32524479464814,9.083400608615369,9.108844488794816,9.109040026190172,9.109040026190172
,92500.0,,,1.7e-06,10000.0,3.0,283.15,1603.15,300.0,sammon_2021_lower_crust,746.7268955651923,963.4805966918177,8181.540000000001,3247.5012106919553,47867.86786786787,13054.429189189192,801.5589916215595,14651.426486486489,825.0040854176846,53723.72372372373,0.0579731496106038,0.05648695752016866,0.046034589370042116,0.053330960558243046,3.4080761336310723,7.48819884223582,7.5073621947812175,7.507680582018386,7.507680582018386
,92500.0,,,1.7e-06,10000.0,3.0,283.15,1603.15,300.0,hacker_2015_md_xenolith,746.7268955651923,963.4805966918177,8181.540000000001,3286.239111580788,41261.26126126126,11252.688648648647,778.3529031928126,14665.076036036038,825.2161200017633,53773.77377377378,0.0579731496106038,0.05648695752016866,0.07806565468247337,0.09752312446776568,3.452268297540595,7.653967088385203,7.672960401509902,7.672980164073509,7.672980164073509
,92500.0,,,1.7e-06,10000.0,3.0,283.15,1603.15,300.0,mackwell_1998_maryland_diabase,746.7268955651923,963.4805966918177,8181.540000000001,3340.4115256480427,30000.0,8181.540000000001,746.7268955651923,13832.453513513516,812.6433319940166,50720.720720720725,0.0579731496106038,0.05648695752016866,0.08901220954654883,0.11836637550154716,3.4731115485743764,5.926886887158872,5.930949915562567,5.930968220402015,5.930968220402015
,92500.0,,,1.7e-06,10000.0,3.0,283.15,1603.15,1000.0,sammon_2021_deep_crust,746.7268955651923,963.4805966918177,8181.540000000001,3138.396762655729,nan,nan,nan,13941.649909909911,814.2503642006794,51121.12112112112,0.0579731496106038,0.05648695752016866,nan,nan,3.3252634306287243,12.78825612382131,12.843646393023757,12.84369451692932,12.84369451692932
,92500.0,,,1.7e-06,10000.0,3.0,283.15,1603.15,1000.0,sammon_2021_lower_crust,746.7268955651923,963.4805966918177,8181.540000000001,3247.5012106919553,45115.11511511511,12303.703963963964,791.4717014797396,13409.31747747748,806.535436794256,49169.16916916917,0.0579731496106038,0.05648695752016866,0.04896192293955213,0.053379720987419166,3.4081248940602484,10.168101382435209,10.227500118412458,10.227712070053842,10.227712070053842
,92500.0,,,1.7e-06,10000.0,3.0,283.15,1603.15,1000.0,hacker_2015_md_xenolith,746.7268955651923,963.4805966918177,8181.540000000001,3286.239111580788,39909.90990990991,10884.150810810812,774.0300157785291,13422.967027027027,806.7295040190359,49219.219219219216,0.0579731496106038,0.05648695752016866,0.08341467691935862,0.09767325769658353,3.452418430769413,10.420182674219681,10.495890635917615,10.496337786151383,10.496337786151383
,92500.0,,,1.7e-06,10000.0,3.0,283.15,1603.15,1000.0,mackwell_1998_maryland_diabase,746.7268955651923,963.4805966918177,8181.540000000001,3340.4115256480427,30000.0,8181.540000000001,746.7268955651923,12713.190450450455,796.8998184231217,46616.61661661662,0.0579731496106038,0.05648695752016866,0.09462759574005676,0.11876272065668703,3.4735078937295163,7.798399251637529,7.814403756739699,7.814462324628378,7.814462324628378
,92500.0,,,1.7e-06,10000.0,3.0,283.15,1603.15,3000.0,sammon_2021_deep_crust,746.7268955651923,963.4805966918177,8181.540000000001,3138.396762655729,nan,nan,nan,13259.172432432435,804.4137285932561,48618.61861861862,0.0579731496106038,0.05648695752016866,nan,nan,3.3252687569346313,17.19400899816917,17.323254683572806,17.324334646236437,17.324334646236437
,92500.0,,,1.7e-06,10000.0,3.0,283.15,1603.15,3000.0,sammon_2021_lower_crust,746.7268955651923,963.4805966918177,8181.540000000001,3247.5012106919553,43813.81381381382,11948.815675675678,786.9110723365342,12781.438198198199,797.8217808873701,46866.86686686687,0.0579731496106038,0.05648695752016866,0.05038973577151086,0.05339434320091385,3.408139516273743,13.033681914495796,13.230607070877065,13.231407951975976,13.231407951975976
,92500.0,,,1.7e-06,10000.0,3.0,283.15,1603.15,3000.0,hacker_2015_md_xenolith,746.7268955651923,963.4805966918177,8181.540000000001,3286.239111580788,39359.35935935936,10734.005765765767,772.3101051178967,12795.08774774775,798.0067657107462,46916.91691691692,0.0579731496106038,0.05648695752016866,0.08615087737703296,0.09772179669550507,3.4524669697683343,13.444627414955082,13.609878847210556,13.61081662361125,13.61081662361125
,92500.0,,,1.7e-06,10000.0,3.0,283.15,1603.15,3000.0,mackwell_1998_maryland_diabase,746.7268955651923,963.4805966918177,8181.540000000001,3340.4115256480427,30000.0,8181.540000000001,746.7268955651923,12153.55891891892,789.5259154450631,44564.56456456456,0.0579731496106038,0.05648695752016866,0.09725264172082013,0.11890773785105857,3.473652910923888,9.689458132003255,9.776940206919036,9.777575021247634,9.777575021247634
,92500.0,,,1.7e-06,10000.0,3.0,283.15,1603.15,10000.0,sammon_2021_deep_crust,746.7268955651923,963.4805966918177,8181.540000000001,3138.396762655729,nan,nan,nan,12849.685945945947,798.7486794393383,47117.117117117115,0.0579731496106038,0.05648695752016866,nan,nan,3.325271718451863,22.477887856064097,23.641760588844882,23.6514234338437,23.6514234338437
,92500.0,,,1.7e-06,10000.0,3.0,283.15,1603.15,10000.0,sammon_2021_lower_crust,746.7268955651923,963.4805966918177,8181.540000000001,3247.5012106919553,43213.21321321321,11785.02108108108,784.8511836981334,12412.900360360363,792.9018243025355,45515.515515515515,0.0579731496106038,0.05648695752016866,0.05132674513177979,0.05340103555992615,3.4081462086327554,16.90411776689515,17.09635392488535,17.09894759951681,17.09894759951681
,92500.0,,,1.7e-06,10000.0,3.0,283.15,1603.15,10000.0,hacker_2015_md_xenolith,746.7268955651923,963.4805966918177,8181.540000000001,3286.239111580788,39059.05905905906,10652.10846846847,771.3820416492268,12426.54990990991,793.0814781511745,45565.565565565565,0.0579731496106038,0.05648695752016866,0.08760720072026985,0.09774047812640818,3.4524856511992374,17.3352870093725,17.571736667564753,17.573212472740845,17.573212472740845
,92500.0,,,1.7e-06,10000.0,3.0,283.15,1603.15,10000.0,mackwell_1998_maryland_diabase,746.7268955651923,963.4805966918177,8181.540000000001,3340.4115256480427,30000.0,8181.540000000001,746.7268955651923,11853.26882882883,785.7060153693967,43463.463463463464,0.0579731496106038,0.05648695752016866,0.09864706611765775,0.11896232947352026,3.4737075025463495,11.901395337310525,12.086789138612694,12.088728223209053,12.088728223209053
,102500.0,,,1.65e-06,9500.0,3.0,283.15,1603.15,0.01,sammon_2021_deep_crust,702.4908682523003,904.1538978158153,8181.540000000001,3153.747246038143,nan,nan,nan,nan,nan,nan,0.052856371413523534,0.05241373840354241,nan,nan,3.18769469066486,0.8796606405430409,0.8926053607405859,0.8933165161834767,0.8933165161834767
,102500.0,,,1.65e-06,9500.0,3.0,283.15,1603.15,0.01,sammon_2021_lower_crust,702.4908682523003,904.1538978158153,8181.540000000001,3261.2696746425686,nan,nan,nan,nan,nan,nan,0.052856371413523534,0.05241373840354241,nan,nan,3.28958296422863,0.7495100439369962,0.7609227176437846,0.7615509010037931,0.7615509010037931
,102500.0,,,1.65e-06,9500.0,3.0,283.15,1603.15,0.01,hacker_2015_md_xenolith,702.4908682523003,904.1538978158153,8181.540000000001,3302.4390567423534,nan,nan,nan,nan,nan,nan,0.052856371413523534,0.05241373840354241,nan,nan,3.3298498240607133,0.7268210797568081,0.7378654941891093,0.7384925805187958,0.7384925805187958
,102500.0,,,1.65e-06,9500.0,3.0,283.15,1603.15,0.01,mackwell_1998_maryland_diabase,702.4908682523003,904.1538978158153,8181.540000000001,3355.4545358137993,30000.0,8181.540000000001,702.4908682523003,nan,nan,nan,0.052856371413523534,0.05241373840354241,0.019628039647250392,0.02026652690217423,3.3811041100973673,0.6975064216593018,0.7088138509241437,0.7094507556163807,0.7094507556163807
,102500.0,,,1.65e-06,9500.0,3.0,283.15,1603.15,0.03,sammon_2021_deep_crust,702.4908682523003,904.1538978158153,8181.540000000001,3153.747246038143,nan,nan,nan,nan,nan,nan,0.052856371413523534,0.05241373840354241,nan,nan,3.188840764633138,0.8802721009670957,0.8926433801342275,0.8933360591334986,0.8933360591334986
,102500.0,,,1.65e-06,9500.0,3.0,283.15,1603.15,0.03,sammon_2021_lower_crust,702.4908682523003,904.1538978158153,8181.540000000001,3261.2696746425686,nan,nan,nan,nan,nan,nan,0.052856371413523534,0.05241373840354241,nan,nan,3.290619287772286,0.7500609047819484,0.7609598595122045,0.7615673278154735,0.7615673278154735
,102500.0,,,1.65e-06,9500.0,3.0,283.15,1603.15,0.03,hacker_2015_md_xenolith,702.4908682523003,904.1538978158153,8181.540000000001,3302.4390567423534,nan,nan,nan,nan,nan,nan,0.052856371413523534,0.05241373840354241,nan,nan,3.330926617740502,0.7273858960912065,0.737904350739532,0.7384949305199188,0.7384949305199188
,102500.0,,,1.65e-06,9500.0,3.0,283.15,1603.15,0.03,mackwell_1998_maryland_diabase,702.4908682523003,904.1538978158153,8181.540000000001,3355.4545358137993,30000.0,8181.540000000001,702.4908682523003,nan,nan,nan,0.052856371413523534,0.05241373840354241,0.019855620613440126,0.021118444052085295,3.3819560272472784,0.6979434235283642,0.708843695058895,0.7094547680195137,0.7094547680195137
,102500.0,,,1.65e-06,9500.0,3.0,283.15,1603.15,0.1,sammon_2021_deep_crust,702.4908682523003,904.1538978158153,8181.540000000001,3153.747246038143,nan,nan,nan,nan,nan,nan,0.052856371413523534,0.05241373840354241,nan,nan,3.1923136199286244,0.8823744839080362,0.8927850662652101,0.8933707180884084,0.8933707180884084
,102500.0,,,1.65e-06,9500.0,3.0,283.15,1603.15,0.1,sammon_2021_lower_crust,702.4908682523003,904.1538978158153,8181.540000000001,3261.2696746425686,nan,nan,nan,nan,nan,nan,0.052856371413523534,0.05241373840354241,nan,nan,3.293688355801309,0.7519635716489546,0.7612105553249241,0.7616015040118054,0.7616015040118054
,102500.0,,,1.65e-06,9500.0,3.0,283.15,1603.15,0.1,hacker_2015_md_xenolith,702.4908682523003,904.1538978158153,8181.540000000001,3302.4390567423534,nan,nan,nan,nan,nan,nan,0.052856371413523534,0.05241373840354241,nan,nan,3.334172612475186,0.7293379900552612,0.738089399408441,0.7386117855714291,0.7386117855714291
,102500.0,,,1.65e-06,9500.0,3.0,283.15,1603.15,0.1,mackwell_1998_maryland_diabase,702.4908682523003,904.1538978158153,8181.540000000001,3355.4545358137993,30000.0,8181.540000000001,702.4908682523003,nan,nan,nan,0.052856371413523534,0.05241373840354241,0.020570638747504474,0.023696408752914788,3.384533991948108,0.6994607614624542,0.7089638309207296,0.7095355113065397,0.7095355113065397
,102500.0,,,1.65e-06,9500.0,3.0,283.15,1603.15,0.3,sammon_2021_deep_crust,702.4908682523003,904.1538978158153,8181.540000000001,3153.747246038143,nan,nan,nan,nan,nan,nan,0.052856371413523534,0.05241373840354241,nan,nan,3.1994260977041336,1.0036027479695544,1.0038160209983884,1.0038170837478617,1.0038170837478617
,102500.0,,,1.65e-06,9500.0,3.0,283.15,1603.15,0.3,sammon_2021_lower_crust,702.4908682523003,904.1538978158153,8181.540000000001,3261.2696746425686,nan,nan,nan,nan,nan,nan,0.052856371413523534,0.05241373840354241,nan,nan,3.29952269403372,0.8136044642234429,0.8137494917982229,0.8137522193619287,0.8137522193619287
,102500.0,,,1.65e-06,9500.0,3.0,283.15,1603.15,0.3,hacker_2015_md_xenolith,702.4908682523003,904.1538978158153,8181.540000000001,3302.4390567423534,nan,nan,nan,nan,nan,nan,0.052856371413523534,0.05241373840354241,nan,nan,3.340790640963094,0.8553640111133062,0.8554847734033004,0.8554852963894278,0.8554852963894278
,102500.0,,,1.65e-06,9500.0,3.0,283.15,1603.15,0.3,mackwell_1998_maryland_diabase,702.4908682523003,904.1538978158153,8181.540000000001,3355.4545358137993,30000.0,8181.540000000001,702.4908682523003,nan,nan,nan,0.052856371413523534,0.05241373840354241,0.0222251281618041,0.02886956470190638,3.3897071478970995,0.7154206566079407,0.7155698084627331,0.7155701926306797,0.7155701926306797
,102500.0,,,1.65e-06,9500.0,3.0,283.15,1603.15,1.0,sammon_2021_deep_crust,702.4908682523003,904.1538978158153,8181.540000000001,3153.747246038143,nan,nan,nan,nan,nan,nan,0.052856371413523534,0.05241373840354241,nan,nan,3.211482885998147,1.3435658490377977,1.3768204792660144,1.3786880258827825,1.3786880258827825
,102500.0,,,1.65e-06,9500.0,3.0,283.15,1603.15,1.0,sammon_2021_lower_crust,702.4908682523003,904.1538978158153,8181.540000000001,3261.2696746425686,nan,nan,nan,nan,nan,nan,0.052856371413523534,0.05241373840354241,nan,nan,3.3100607014911616,1.1685118731169069,1.1986827717005115,1.2004013545232504,1.2004013545232504
,102500.0,,,1.65e-06,9500.0,3.0,283.15,1603.15,1.0,hacker_2015_md_xenolith,702.4908682523003,904.1538978158153,8181.540000000001,3302.4390567423534,nan,nan,nan,nan,nan,nan,0.052856371413523534,0.05241373840354241,nan,nan,3.352191274395113,1.1713508388451586,1.1998544211317237,1.2014656498558036,1.2014656498558036
,102500.0,,,1.65e-06,9500.0,3.0,283.15,1603.15,1.0,mackwell_1998_maryland_diabase,702.4908682523003,904.1538978158153,8181.540000000001,3355.4545358137993,30000.0,8181.540000000001,702.4908682523003,nan,nan,nan,0.052856371413523534,0.05241373840354241,0.025793121284654417,0.03768981944654337,3.3985274026417365,0.9578293544079314,0.9783262898014427,0.9794730538744414,0.9794730538744414
,102500.0,,,1.65e-06,9500.0,3.0,283.15,1603.15,3.0,sammon_2021_deep_crust,702.4908682523003,904.1538978158153,8181.540000000001,3153.747246038143,nan,nan,nan,nan,nan,nan,0.052856371413523534,0.05241373840354241,nan,nan,3.234003314005816,2.2876171351277903,2.3408874454751896,2.3438051341430164,2.3438051341430164
,102500.0,,,1.65e-06,9500.0,3.0,283.15,1603.15,3.0,sammon_2021_lower_crust,702.4908682523003,904.1538978158153,8181.540000000001,3261.2696746425686,nan,nan,nan,nan,nan,nan,0.052856371413523534,0.05241373840354241,nan,nan,3.331014907917178,2.0382594362860003,2.0841288995490896,2.0866204765147303,2.0866204765147303
,102500.0,,,1.65e-06,9500.0,3.0,283.15,1603.15,3.0,hacker_2015_md_xenolith,702.4908682523003,904.1538978158153,8181.540000000001,3302.4390567423534,72292.29229229229,19715.409369369372,861.1144433013302,nan,nan,nan,0.052856371413523534,0.05241373840354241,0.006111521328009544,0.012633927209630524,3.3734715104048236,2.045790838657447,2.091626152945871,2.0941172313026657,2.0941172313026657
,102500.0,,,1.65e-06,9500.0,3.0,283.15,1603.15,3.0,mackwell_1998_maryland_diabase,702.4908682523003,904.1538978158153,8181.540000000001,3355.4545358137993,30000.0,8181.540000000001,702.4908682523003,nan,nan,nan,0.052856371413523534,0.05241373840354241,0.03190154794820115,0.05467434110028746,3.4155119242954806,1.6539600849723637,1.6864588450314333,1.688207750345475,1.688207750345475
,102500.0,,,1.65e-06,9500.0,3.0,283.15,1603.15,10.0,sammon_2021_deep_crust,702.4908682523003,904.1538978158153,8181.540000000001,3153.747246038143,nan,nan,nan,nan,nan,nan,0.052856371413523534,0.05241373840354241,nan,nan,3.277985370343143,3.4892790060567713,3.4900331547410666,3.4902907492963857,3.4902907492963857
,102500.0,,,1.65e-06,9500.0,3.0,283.15,1603.15,10.0,sammon_2021_lower_crust,702.4908682523003,904.1538978158153,8181.540000000001,3261.2696746425686,76246.24624624624,20793.723783783786,882.6489214467563,nan,nan,nan,0.052856371413523534,0.05241373840354241,0.0051115539993595565,0.010116390561214939,3.370953973756408,3.0270234999581183,3.0281407797232043,3.0281569832184845,3.0281569832184845
,102500.0,,,1.65e-06,9500.0,3.0,283.15,1603.15,10.0,hacker_2015_md_xenolith,702.4908682523003,904.1538978158153,8181.540000000001,3302.4390567423534,58628.62862862863,15989.082342342343,795.5241138254798,nan,nan,nan,0.052856371413523534,0.05241373840354241,0.02524230584104725,0.053106867604600705,3.413944450799794,3.0451079719272927,3.046142875329293,3.046147666667283,3.046147666667283
,102500.0,,,1.65e-06,9500.0,3.0,283.15,1603.15,10.0,mackwell_1998_maryland_diabase,702.4908682523003,904.1538978158153,8181.540000000001,3355.4545358137993,30000.0,8181.540000000001,702.4908682523003,nan,nan,nan,0.052856371413523534,0.05241373840354241,0.044709980428451104,0.08648349133395028,3.4473210745291434,2.3969094713598618,2.39776809107337,2.397806322817003,2.397806322817003
,102500.0,,,1.65e-06,9500.0,3.0,283.15,1603.15,30.0,sammon_2021_deep_crust,702.4908682523003,904.1538978158153,8181.540000000001,3153.747246038143,nan,nan,nan,21271.45801801802,892.5559890192927,77997.997997998,0.052856371413523534,0.05241373840354241,nan,nan,3.3201727413778834,4.48247328961943,4.484615375914024,4.484658472785861,4.484658472785861
,102500.0,,,1.65e-06,9500.0,3.0,283.15,1603.15,30.0,sammon_2021_lower_crust,702.4908682523003,904.1538978158153,8181.540000000001,3261.2696746425686,63183.18318318319,17231.191351351354,815.8663601590839,20534.38234234235,877.3650357331534,75295.2952952953,0.052856371413523534,0.05241373840354241,0.025586597218776645,0.045184677472768,3.406022260667961,3.8694561009797717,3.8715415726367386,3.87165469017289,3.87165469017289
,102500.0,,,1.65e-06,9500.0,3.0,283.15,1603.15,30.0,hacker_2015_md_xenolith,702.4908682523003,904.1538978158153,8181.540000000001,3302.4390567423534,49669.669669669674,13545.812972972975,759.9492884116838,20507.083243243243,876.8126948789751,75195.19519519519,0.052856371413523534,0.05241373840354241,0.04746558720965984,0.08871131488731754,3.4495488980825106,3.902400363571747,3.90466107346091,3.904678300740285,3.904678300740285
,102500.0,,,1.65e-06,9500.0,3.0,283.15,1603.15,30.0,mackwell_1998_maryland_diabase,702.4908682523003,904.1538978158153,8181.540000000001,3355.4545358137993,30000.0,8181.540000000001,702.4908682523003,19456.067927927932,856.1062871414458,71341.34134134135,0.052856371413523534,0.05241373840354241,0.061988297504152724,0.11215436387200706,3.4729919470672,3.0821368546415817,3.0830341210865537,3.0830828633441905,3.0830828633441905
,102500.0,,,1.65e-06,9500.0,3.0,283.15,1603.15,100.0,sammon_2021_deep_crust,702.4908682523003,904.1538978158153,8181.540000000001,3153.747246038143,nan,nan,nan,17545.13099099099,821.2486341131747,64334.33433433433,0.052856371413523534,0.05241373840354241,nan,nan,3.332395094133408,6.118375523549498,6.121618928244628,6.12166694531898,6.12166694531898
,102500.0,,,1.65e-06,9500.0,3.0,283.15,1603.15,100.0,sammon_2021_lower_crust,702.4908682523003,904.1538978158153,8181.540000000001,3261.2696746425686,53073.07307307307,14473.982342342344,772.7704738531917,16917.251711711713,810.5812620437121,62032.03203203203,0.052856371413523534,0.05241373840354241,0.03993271741988853,0.05391338403998125,3.4147509672351744,5.215715659407865,5.217972651581839,5.218100252379549,5.218100252379549
,102500.0,,,1.65e-06,9500.0,3.0,283.15,1603.15,100.0,hacker_2015_md_xenolith,702.4908682523003,904.1538978158153,8181.540000000001,3302.4390567423534,43263.26326326327,11798.670630630633,738.119590435624,16889.952612612615,810.1262807254909,61931.93193193193,0.052856371413523534,0.05241373840354241,0.0668726451502974,0.0977712393583352,3.4586088225535283,5.274460999278935,5.276889166506345,5.276903146603112,5.276903146603112
,102500.0,,,1.65e-06,9500.0,3.0,283.15,1603.15,100.0,mackwell_1998_maryland_diabase,702.4908682523003,904.1538978158153,8181.540000000001,3355.4545358137993,30000.0,8181.540000000001,702.4908682523003,16002.731891891892,795.7393886182865,58678.678678678676,0.052856371413523534,0.05241373840354241,0.07975215984724571,0.1179456661885725,3.4787832493837656,4.154675901982027,4.157403876158581,4.157457731501415,4.157457731501415
,102500.0,,,1.65e-06,9500.0,3.0,283.15,1603.15,300.0,sammon_2021_deep_crust,702.4908682523003,904.1538978158153,8181.540000000001,3153.747246038143,nan,nan,nan,15183.75891891892,783.1480451605312,55675.67567567567,0.052856371413523534,0.05241373840354241,nan,nan,3.3325574441906944,8.393335319779903,8.419746903369122,8.419772083813235,8.419772083813235
,102500.0,,,1.65e-06,9500.0,3.0,283.15,1603.15,300.0,sammon_2021_lower_crust,702.4908682523003,904.1538978158153,8181.540000000001,3261.2696746425686,47217.217217217214,12876.985045045045,751.2370611517441,14637.776936936938,775.1212106640023,53673.67367367368,0.052856371413523534,0.05241373840354241,0.04585014348922924,0.054077755264648975,3.414915338459842,6.982617620011811,6.992763082239827,6.992905489628213,6.992905489628213
,102500.0,,,1.65e-06,9500.0,3.0,283.15,1603.15,300.0,hacker_2015_md_xenolith,702.4908682523003,904.1538978158153,8181.540000000001,3302.4390567423534,39909.90990990991,10884.150810810812,727.893110106255,14637.776936936938,775.1212106640023,53673.67367367368,0.052856371413523534,0.05241373840354241,0.07713430690486298,0.09814207143331544,3.4589796546285085,7.080095490948845,7.089914708145941,7.0899685899063325,7.0899685899063325
,102500.0,,,1.65e-06,9500.0,3.0,283.15,1603.15,300.0,mackwell_1998_maryland_diabase,702.4908682523003,904.1538978158153,8181.540000000001,3355.4545358137993,30000.0,8181.540000000001,702.4908682523003,13859.752612612614,764.1908025199432,50820.82082082082,0.052856371413523534,0.05241373840354241,0.09073797287436168,0.11859383827591907,3.479431421471112,5.4846224803198265,5.490280431350611,5.4902886655177205,5.4902886655177205
,102500.0,,,1.65e-06,9500.0,3.0,283.15,1603.15,1000.0,sammon_2021_deep_crust,702.4908682523003,904.1538978158153,8181.540000000001,3153.747246038143,nan,nan,nan,13545.812972972975,759.9492884116838,49669.669669669674,0.052856371413523534,0.05241373840354241,nan,nan,3.3325921384673576,12.148999899733422,12.195685255657958,12.195911120854584,12.195911120854584
,102500.0,,,1.65e-06,9500.0,3.0,283.15,1603.15,1000.0,sammon_2021_lower_crust,702.4908682523003,904.1538978158153,8181.540000000001,3261.2696746425686,43613.61361361361,11894.21747747748,739.2356062635432,13095.37783783784,754.0333739822083,48018.01801801802,0.052856371413523534,0.05241373840354241,0.04927859160642188,0.05413267917307918,3.4149702623682723,9.699001371149267,9.726599607209558,9.726656765024348,9.726656765024348
,102500.0,,,1.65e-06,9500.0,3.0,283.15,1603.15,1000.0,hacker_2015_md_xenolith,702.4908682523003,904.1538978158153,8181.540000000001,3302.4390567423534,38058.05805805806,10379.117477477477,722.5990843051333,13095.37783783784,754.0333739822083,48018.01801801802,0.052856371413523534,0.05241373840354241,0.08356091346006003,0.09830392962523593,3.459141512820429,9.861090313586345,9.887687545026257,9.887787356172659,9.887787356172659
,102500.0,,,1.65e-06,9500.0,3.0,283.15,1603.15,1000.0,mackwell_1998_maryland_diabase,702.4908682523003,904.1538978158153,8181.540000000001,3355.4545358137993,30000.0,8181.540000000001,702.4908682523003,12440.19945945946,745.7855149693341,45615.615615615614,0.052856371413523534,0.05241373840354241,0.0978252394285141,0.11896747568034849,3.4798050588755416,7.3580862633984125,7.37372042857883,7.373806943298773,7.373806943298773
,102500.0,,,1.65e-06,9500.0,3.0,283.15,1603.15,3000.0,sammon_2021_deep_crust,702.4908682523003,904.1538978158153,8181.540000000001,3153.747246038143,nan,nan,nan,12658.592252252252,748.4877748141192,46416.41641641641,0.052856371413523534,0.05241373840354241,nan,nan,3.3326026331304797,16.943373550590934,17.16032068003335,17.16306145776202,17.16306145776202
,102500.0,,,1.65e-06,9500.0,3.0,283.15,1603.15,3000.0,sammon_2021_lower_crust,702.4908682523003,904.1538978158153,8181.540000000001,3261.2696746425686,41911.91191191191,11430.132792792794,733.8992749885898,12276.404864864866,743.7896812216709,45015.015015015015,0.052856371413523534,0.05241373840354241,0.05104114033962454,0.05415050911366848,3.4149880923088616,12.9408186755085,13.062305114207444,13.06330455378345,13.06330455378345
,102500.0,,,1.65e-06,9500.0,3.0,283.15,1603.15,3000.0,hacker_2015_md_xenolith,702.4908682523003,904.1538978158153,8181.540000000001,3302.4390567423534,37307.30730730731,10174.374234234236,720.5244995516879,12276.404864864866,743.7896812216709,45015.015015015015,0.052856371413523534,0.05241373840354241,0.08689911658945891,0.09835614672494097,3.459193729920134,13.166985264781013,13.300535220698366,13.301708170496019,13.301708170496019
,102500.0,,,1.65e-06,9500.0,3.0,283.15,1603.15,3000.0,mackwell_1998_maryland_diabase,702.4908682523003,904.1538978158153,8181.540000000001,3355.4545358137993,30000.0,8181.540000000001,702.4908682523003,11716.773333333334,737.1701696325331,42962.96296296296,0.052856371413523534,0.05241373840354241,0.10122826248990238,0.1191022987924173,3.4799398819876104,9.450604270505519,9.51410521204782,9.514111264897096,9.514111264897096
,102500.0,,,1.65e-06,9500.0,3.0,283.15,1603.15,10000.0,sammon_2021_deep_crust,702.4908682523003,904.1538978158153,8181.540000000001,3153.747246038143,nan,nan,nan,12112.610270270272,741.82029987623,44414.414414414416,0.052856371413523534,0.05241373840354241,nan,nan,3.332606341951108,24.182353501823854,24.860333381288182,24.862646569922607,24.862646569922607
,102500.0,,,1.65e-06,9500.0,3.0,283.15,1603.15,10000.0,sammon_2021_lower_crust,702.4908682523003,904.1538978158153,8181.540000000001,3261.2696746425686,41011.01101101101,11184.440900900903,731.1601287384836,11798.670630630633,738.119590435624,43263.26326326327,0.052856371413523534,0.05241373840354241,0.05214626418219671,0.054156067148743325,3.4149936503439364,17.2968809084578,17.706602264937032,17.709963042530187,17.709963042530187
,102500.0,,,1.65e-06,9500.0,3.0,283.15,1603.15,10000.0,hacker_2015_md_xenolith,702.4908682523003,904.1538978158153,8181.540000000001,3302.4390567423534,37007.00700700701,10092.476936936937,719.7062385762819,11798.670630630633,738.119590435624,43263.26326326327,0.052856371413523534,0.05241373840354241,0.08900045208016044,0.09837545247489476,3.459213035670088,17.645747416940765,18.031643729612902,18.03672023812894,18.03672023812894
,102500.0,,,1.65e-06,9500.0,3.0,283.15,1603.15,10000.0,mackwell_1998_maryland_diabase,702.4908682523003,904.1538978158153,8181.540000000001,3355.4545358137993,30000.0,8181.540000000001,702.4908682523003,11307.286846846848,732.5222621254117,41461.46146146146,0.052856371413523534,0.05241373840354241,0.1030691803874752,0.11915473609552407,3.479992319290717,12.163305869677313,12.248988607330794,12.250074915506852,12.250074915506852
,111000.0,,,1.6e-06,9000.0,3.0,283.15,1603.15,0.01,sammon_2021_deep_crust,669.8900159708817,853.1210445016447,8181.540000000001,3162.006388985039,nan,nan,nan,nan,nan,nan,0.048908113248348296,0.04866487857217203,nan,nan,3.1973593372305293,0.8937755127565957,0.90570442259982,0.9063686242990387,0.9063686242990387
,111000.0,,,1.6e-06,9000.0,3.0,283.15,1603.15,0.01,sammon_2021_lower_crust,669.8900159708817,853.1210445016447,8181.540000000001,3269.04753162167,nan,nan,nan,nan,nan,nan,0.048908113248348296,0.04866487857217203,nan,nan,3.2987965494390665,0.7649719810405236,0.7754631849747378,0.7760471005824637,0.7760471005824637
,111000.0,,,1.6e-06,9000.0,3.0,283.15,1603.15,0.01,hacker_2015_md_xenolith,669.8900159708817,853.1210445016447,8181.540000000001,3311.044976917678,nan,nan,nan,nan,nan,nan,0.048908113248348296,0.04866487857217203,nan,nan,3.339848875486667,0.7419115501024388,0.7520707623994396,0.7526353616855521,0.7526353616855521
,111000.0,,,1.6e-06,9000.0,3.0,283.15,1603.15,0.01,mackwell_1998_maryland_diabase,669.8900159708817,853.1210445016447,8181.540000000001,3363.6833910683044,30000.0,8181.540000000001,669.8900159708817,nan,nan,nan,0.048908113248348296,0.04866487857217203,0.024352844919254817,0.024723989185180706,3.390802266334275,0.7129286495410787,0.7233074754133351,0.7238843136147625,0.7238843136147625
,111000.0,,,1.6e-06,9000.0,3.0,283.15,1603.15,0.03,sammon_2021_deep_crust,669.8900159708817,853.1210445016447,8181.540000000001,3162.006388985039,nan,nan,nan,nan,nan,nan,0.048908113248348296,0.04866487857217203,nan,nan,3.198162828401892,0.8941963901893173,0.9057395375100443,0.9063772244305437,0.9063772244305437
,111000.0,,,1.6e-06,9000.0,3.0,283.15,1603.15,0.03,sammon_2021_lower_crust,669.8900159708817,853.1210445016447,8181.540000000001,3269.04753162167,nan,nan,nan,nan,nan,nan,0.048908113248348296,0.04866487857217203,nan,nan,3.2995181823519717,0.765350248198441,0.7754943897658089,0.7760564597733082,0.7760564597733082
,111000.0,,,1.6e-06,9000.0,3.0,283.15,1603.15,0.03,hacker_2015_md_xenolith,669.8900159708817,853.1210445016447,8181.540000000001,3311.044976917678,nan,nan,nan,nan,nan,nan,0.048908113248348296,0.04866487857217203,nan,nan,3.3405947572107073,0.7422971589550116,0.7521084634248247,0.7526458000484763,0.7526458000484763
,111000.0,,,1.6e-06,9000.0,3.0,283.15,1603.15,0.03,mackwell_1998_maryland_diabase,669.8900159708817,853.1210445016447,8181.540000000001,3363.6833910683044,30000.0,8181.540000000001,669.8900159708817,nan,nan,nan,0.048908113248348296,0.04866487857217203,0.024507981069583212,0.025308548968538513,3.3913868261176328,0.7132244963940042,0.7233283349987234,0.7238930694505142,0.7238930694505142
,111000.0,,,1.6e-06,9000.0,3.0,283.15,1603.15,0.1,sammon_2021_deep_crust,669.8900159708817,853.1210445016447,8181.540000000001,3162.006388985039,nan,nan,nan,nan,nan,nan,0.048908113248348296,0.04866487857217203,nan,nan,3.2006041707992097,0.8956415803259242,0.9058347409533556,0.9064070116787751,0.9064070116787751
,111000.0,,,1.6e-06,9000.0,3.0,283.15,1603.15,0.1,sammon_2021_lower_crust,669.8900159708817,853.1210445016447,8181.540000000001,3269.04753162167,nan,nan,nan,nan,nan,nan,0.048908113248348296,0.04866487857217203,nan,nan,3.301650305209543,0.7666538071543901,0.7755861631500468,0.7760825556851614,0.7760825556851614
,111000.0,,,1.6e-06,9000.0,3.0,283.15,1603.15,0.1,hacker_2015_md_xenolith,669.8900159708817,853.1210445016447,8181.540000000001,3311.044976917678,nan,nan,nan,nan,nan,nan,0.048908113248348296,0.04866487857217203,nan,nan,3.342841783454188,0.7436274433069998,0.7522208412137528,0.7526913984601378,0.7526913984601378
,111000.0,,,1.6e-06,9000.0,3.0,283.15,1603.15,0.1,mackwell_1998_maryland_diabase,669.8900159708817,853.1210445016447,8181.540000000001,3363.6833910683044,30000.0,8181.540000000001,669.8900159708817,nan,nan,nan,0.048908113248348296,0.04866487857217203,0.02499468780451207,0.02707151134521979,3.393149788494314,0.7142504633912308,0.7234372127993176,0.7239113000582347,0.7239113000582347
,111000.0,,,1.6e-06,9000.0,3.0,283.15,1603.15,0.3,sammon_2021_deep_crust,669.8900159708817,853.1210445016447,8181.540000000001,3162.006388985039,nan,nan,nan,nan,nan,nan,0.048908113248348296,0.04866487857217203,nan,nan,3.205482013391143,0.8995717125707164,0.906115402119722,0.9064804104536233,0.9064804104536233
,111000.0,,,1.6e-06,9000.0,3.0,283.15,1603.15,0.3,sammon_2021_lower_crust,669.8900159708817,853.1210445016447,8181.540000000001,3269.04753162167,nan,nan,nan,nan,nan,nan,0.048908113248348296,0.04866487857217203,nan,nan,3.3055512397145335,0.7702233642464889,0.7758324568265518,0.7761471836871169,0.7761471836871169
,111000.0,,,1.6e-06,9000.0,3.0,283.15,1603.15,0.3,hacker_2015_md_xenolith,669.8900159708817,853.1210445016447,8181.540000000001,3311.044976917678,nan,nan,nan,nan,nan,nan,0.048908113248348296,0.04866487857217203,nan,nan,3.3472921819091086,0.7479016570463691,0.7524488921892682,0.7527484239389741,0.7527484239389741
,111000.0,,,1.6e-06,9000.0,3.0,283.15,1603.15,0.3,mackwell_1998_maryland_diabase,669.8900159708817,853.1210445016447,8181.540000000001,3363.6833910683044,30000.0,8181.540000000001,669.8900159708817,nan,nan,nan,0.048908113248348296,0.04866487857217203,0.02610631287443646,0.030469975382994452,3.3965482525320887,0.7171083664134199,0.7236620298384198,0.7239810602491615,0.7239810602491615
,111000.0,,,1.6e-06,9000.0,3.0,283.15,1603.15,1.0,sammon_2021_deep_crust,669.8900159708817,853.1210445016447,8181.540000000001,3162.006388985039,nan,nan,nan,nan,nan,nan,0.048908113248348296,0.04866487857217203,nan,nan,3.2142105045361533,1.1960023143208498,1.2242858602320255,1.2259365953448433,1.2259365953448433
,111000.0,,,1.6e-06,9000.0,3.0,283.15,1603.15,1.0,sammon_2021_lower_crust,669.8900159708817,853.1210445016447,8181.540000000001,3269.04753162167,nan,nan,nan,nan,nan,nan,0.048908113248348296,0.04866487857217203,nan,nan,3.3131912342703593,1.0279533713163547,1.0537950500014794,1.055262922892064,1.055262922892064
,111000.0,,,1.6e-06,9000.0,3.0,283.15,1603.15,1.0,hacker_2015_md_xenolith,669.8900159708817,853.1210445016447,8181.540000000001,3311.044976917678,nan,nan,nan,nan,nan,nan,0.048908113248348296,0.04866487857217203,nan,nan,3.355369851087727,1.0225958778803246,1.0479072872550783,1.049412627714621,1.049412627714621
,111000.0,,,1.6e-06,9000.0,3.0,283.15,1603.15,1.0,mackwell_1998_maryland_diabase,669.8900159708817,853.1210445016447,8181.540000000001,3363.6833910683044,30000.0,8181.540000000001,669.8900159708817,nan,nan,nan,0.048908113248348296,0.04866487857217203,0.028482979686247824,0.03662834313502117,3.4027066202841154,0.843068236578038,0.8605341344070012,0.8615654950977728,0.8615654950977728
,111000.0,,,1.6e-06,9000.0,3.0,283.15,1603.15,3.0,sammon_2021_deep_crust,669.8900159708817,853.1210445016447,8181.540000000001,3162.006388985039,nan,nan,nan,nan,nan,nan,0.048908113248348296,0.04866487857217203,nan,nan,3.2326638417499716,2.044633923793878,2.102214059854693,2.105422312581627,2.105422312581627
,111000.0,,,1.6e-06,9000.0,3.0,283.15,1603.15,3.0,sammon_2021_lower_crust,669.8900159708817,853.1210445016447,8181.540000000001,3269.04753162167,nan,nan,nan,nan,nan,nan,0.048908113248348296,0.04866487857217203,nan,nan,3.3300883129161485,1.807423407992507,1.8589005181017095,1.861739378366652,1.861739378366652
,111000.0,,,1.6e-06,9000.0,3.0,283.15,1603.15,3.0,hacker_2015_md_xenolith,669.8900159708817,853.1210445016447,8181.540000000001,3311.044976917678,75495.4954954955,20588.980540540546,829.78640111791,nan,nan,nan,0.048908113248348296,0.04866487857217203,0.003165268315965052,0.0064229772614838865,3.372501254410578,1.8084775691169397,1.8601664961222517,1.8630312622003076,1.8630312622003076
,111000.0,,,1.6e-06,9000.0,3.0,283.15,1603.15,3.0,mackwell_1998_maryland_diabase,669.8900159708817,853.1210445016447,8181.540000000001,3363.6833910683044,30000.0,8181.540000000001,669.8900159708817,nan,nan,nan,0.048908113248348296,0.04866487857217203,0.032889609375028245,0.05004299760961706,3.4161212747587113,1.4638528261588903,1.5018081439888675,1.503909273938323,1.503909273938323
,111000.0,,,1.6e-06,9000.0,3.0,283.15,1603.15,10.0,sammon_2021_deep_crust,669.8900159708817,853.1210445016447,8181.540000000001,3162.006388985039,nan,nan,nan,nan,nan,nan,0.048908113248348296,0.04866487857217203,nan,nan,3.27277383587852,3.3786360664991464,3.397278888348838,3.3979731689935093,3.3979731689935093
,111000.0,,,1.6e-06,9000.0,3.0,283.15,1603.15,10.0,sammon_2021_lower_crust,669.8900159708817,853.1210445016447,8181.540000000001,3269.04753162167,79899.8998998999,21790.140900900904,852.5878090276141,nan,nan,nan,0.048908113248348296,0.04866487857217203,0.00022396252214473833,0.00035323761467109804,3.3664315147637653,2.9317122184022497,2.935098461496088,2.9351210119589632,2.9351210119589632
,111000.0,,,1.6e-06,9000.0,3.0,283.15,1603.15,10.0,hacker_2015_md_xenolith,669.8900159708817,853.1210445016447,8181.540000000001,3311.044976917678,60830.83083083083,16589.662522522525,763.1842589242817,nan,nan,nan,0.048908113248348296,0.04866487857217203,0.02017710455147567,0.043223326384038696,3.409301603533133,2.9441468678518157,2.9474567758012524,2.9474754621687325,2.9474754621687325
,111000.0,,,1.6e-06,9000.0,3.0,283.15,1603.15,10.0,mackwell_1998_maryland_diabase,669.8900159708817,853.1210445016447,8181.540000000001,3363.6833910683044,30000.0,8181.540000000001,669.8900159708817,nan,nan,nan,0.048908113248348296,0.04866487857217203,0.04323612308644704,0.0787837891783787,3.444862066327473,2.3000765832648242,2.3009685836022946,2.301025911898788,2.301025911898788
,111000.0,,,1.6e-06,9000.0,3.0,283.15,1603.15,30.0,sammon_2021_deep_crust,669.8900159708817,853.1210445016447,8181.540000000001,3162.006388985039,nan,nan,nan,nan,nan,nan,0.048908113248348296,0.04866487857217203,nan,nan,3.3189531900501037,4.277941123583622,4.279865114408009,4.280021242996341,4.280021242996341
,111000.0,,,1.6e-06,9000.0,3.0,283.15,1603.15,30.0,sammon_2021_lower_crust,669.8900159708817,853.1210445016447,8181.540000000001,3269.04753162167,65785.78578578579,17940.96792792793,784.085243511442,21421.603063063063,845.4544743400677,78548.54854854854,0.048908113248348296,0.04866487857217203,0.021386055835790004,0.03956907407324062,3.405647351222335,3.681764883087284,3.6829023399249277,3.6829879135282946,3.6829879135282946
,111000.0,,,1.6e-06,9000.0,3.0,283.15,1603.15,30.0,hacker_2015_md_xenolith,669.8900159708817,853.1210445016447,8181.540000000001,3311.044976917678,50920.92092092092,13887.051711711714,726.2898653862852,21394.303963963965,844.9309194900178,78448.44844844844,0.048908113248348296,0.04866487857217203,0.04205077177127995,0.08295665728618351,3.4490349344352778,3.703263675648101,3.7045717995243987,3.704637136826499,3.704637136826499
,111000.0,,,1.6e-06,9000.0,3.0,283.15,1603.15,30.0,mackwell_1998_maryland_diabase,669.8900159708817,853.1210445016447,8181.540000000001,3363.6833910683044,30000.0,8181.540000000001,669.8900159708817,20356.938198198197,825.5305484549951,74644.64464464464,0.048908113248348296,0.04866487857217203,0.05918226525070131,0.10802894153980214,3.4741072186888964,2.8983723689299334,2.898950995855335,2.8989887745872647,2.8989887745872647
,111000.0,,,1.6e-06,9000.0,3.0,283.15,1603.15,100.0,sammon_2021_deep_crust,669.8900159708817,853.1210445016447,8181.540000000001,3162.006388985039,nan,nan,nan,18050.164324324327,785.8456482916154,66186.18618618618,0.048908113248348296,0.04866487857217203,nan,nan,3.3380268386212264,5.749513322180972,5.751933986162901,5.751936662578211,5.751936662578211
,111000.0,,,1.6e-06,9000.0,3.0,283.15,1603.15,100.0,sammon_2021_lower_crust,669.8900159708817,853.1210445016447,8181.540000000001,3269.04753162167,54374.374374374376,14828.870630630634,738.4041815450996,17463.233693693695,776.5090703489682,64034.03403403403,0.048908113248348296,0.04866487857217203,0.03817889117240924,0.054086015765427486,3.4201642929145217,4.9058591165144865,4.907682999142558,4.9077120185864915,4.9077120185864915
,111000.0,,,1.6e-06,9000.0,3.0,283.15,1603.15,100.0,hacker_2015_md_xenolith,669.8900159708817,853.1210445016447,8181.540000000001,3311.044976917678,43663.66366366366,11907.867027027027,703.4218113876929,17435.934594594597,776.0823217387259,63933.933933933935,0.048908113248348296,0.04866487857217203,0.06381539954302902,0.09782035257474453,3.4638986297238388,4.9464583417978165,4.948134292619491,4.948163010617744,4.948163010617744
,111000.0,,,1.6e-06,9000.0,3.0,283.15,1603.15,100.0,mackwell_1998_maryland_diabase,669.8900159708817,853.1210445016447,8181.540000000001,3363.6833910683044,30000.0,8181.540000000001,669.8900159708817,16562.363423423427,762.7788744497211,60730.730730730735,0.048908113248348296,0.04866487857217203,0.0779176760488177,0.11786722287035634,3.4839455000194506,3.866637836411462,3.867999710618247,3.8680405568611054,3.8680405568611054
,111000.0,,,1.6e-06,9000.0,3.0,283.15,1603.15,300.0,sammon_2021_deep_crust,669.8900159708817,853.1210445016447,8181.540000000001,3162.006388985039,nan,nan,nan,15361.203063063063,745.602910516709,56326.32632632632,0.048908113248348296,0.04866487857217203,nan,nan,3.3384455868669773,7.8544932774636465,7.865169310518232,7.8652769268893765,7.8652769268893765
,111000.0,,,1.6e-06,9000.0,3.0,283.15,1603.15,300.0,sammon_2021_lower_crust,669.8900159708817,853.1210445016447,8181.540000000001,3269.04753162167,47467.46746746747,12945.232792792794,714.9701949304447,14869.81927927928,738.9489169327902,54524.524524524524,0.048908113248348296,0.04866487857217203,0.04524597866749019,0.054402814530664756,3.420481091679759,6.57423140721814,6.580584846035207,6.580835675791325,6.580835675791325
,111000.0,,,1.6e-06,9000.0,3.0,283.15,1603.15,300.0,hacker_2015_md_xenolith,669.8900159708817,853.1210445016447,8181.540000000001,3311.044976917678,39559.55955955956,10788.603963963964,692.0429389089907,14842.52018018018,738.5855931003531,54424.42442442442,0.048908113248348296,0.04866487857217203,0.07568966612081757,0.09834054407351411,3.4644188212226084,6.641843696595293,6.648097233657683,6.648164461503286,6.648164461503286
,111000.0,,,1.6e-06,9000.0,3.0,283.15,1603.15,300.0,mackwell_1998_maryland_diabase,669.8900159708817,853.1210445016447,8181.540000000001,3363.6833910683044,30000.0,8181.540000000001,669.8900159708817,14105.444504504507,729.0282134772893,51721.721721721726,0.048908113248348296,0.04866487857217203,0.0903410024070497,0.1185371002204989,3.484615377369593,5.14311125313908,5.147066043579949,5.147093077728597,5.147093077728597
,111000.0,,,1.6e-06,9000.0,3.0,283.15,1603.15,1000.0,sammon_2021_deep_crust,669.8900159708817,853.1210445016447,8181.540000000001,3162.006388985039,nan,nan,nan,13422.967027027027,720.6127469064131,49219.219219219216,0.048908113248348296,0.04866487857217203,nan,nan,3.3384888316756234,11.473836851968628,11.505203762072224,11.505531396412765,11.505531396412765
,111000.0,,,1.6e-06,9000.0,3.0,283.15,1603.15,1000.0,sammon_2021_lower_crust,669.8900159708817,853.1210445016447,8181.540000000001,3269.04753162167,42962.96296296296,11716.773333333334,701.3996291824943,13027.130090090091,715.9229686189253,47767.76776776777,0.048908113248348296,0.04866487857217203,0.04916346449201606,0.05445904109015576,3.42053731823925,9.239258276392173,9.252222614294368,9.252506017579648,9.252506017579648
,111000.0,,,1.6e-06,9000.0,3.0,283.15,1603.15,1000.0,hacker_2015_md_xenolith,669.8900159708817,853.1210445016447,8181.540000000001,3311.044976917678,37157.157157157155,10133.425585585586,685.9028863140653,13013.480540540542,715.7637557359035,47717.71771771772,0.048908113248348296,0.04866487857217203,0.0832163706924658,0.09850573459670953,3.4645840117458038,9.347278983972409,9.361114195363733,9.361705944048074,9.361705944048074
,111000.0,,,1.6e-06,9000.0,3.0,283.15,1603.15,1000.0,mackwell_1998_maryland_diabase,669.8900159708817,853.1210445016447,8181.540000000001,3363.6833910683044,30000.0,8181.540000000001,669.8900159708817,12399.250810810812,708.7719250657867,45465.465465465466,0.048908113248348296,0.04866487857217203,0.09880442811812605,0.11888901813265074,3.484967295281745,7.014702794358944,7.021331066100457,7.021335619561662,7.021335619561662
,111000.0,,,1.6e-06,9000.0,3.0,283.15,1603.15,3000.0,sammon_2021_deep_crust,669.8900159708817,853.1210445016447,8181.540000000001,3162.006388985039,nan,nan,nan,12344.652612612612,708.166785922602,45265.26526526526,0.048908113248348296,0.04866487857217203,nan,nan,3.3385021306756437,16.493394892789716,16.59064210151762,16.590705209787863,16.590705209787863
,111000.0,,,1.6e-06,9000.0,3.0,283.15,1603.15,3000.0,sammon_2021_lower_crust,669.8900159708817,853.1210445016447,8181.540000000001,3269.04753162167,40760.760760760764,11116.193153153155,695.2571731223048,12017.063423423424,704.5920319196588,44064.06406406406,0.048908113248348296,0.04866487857217203,0.05117922835010611,0.05447657720577803,3.4205548543548723,12.658237482399132,12.699317288576914,12.700146448267832,12.700146448267832
,111000.0,,,1.6e-06,9000.0,3.0,283.15,1603.15,3000.0,hacker_2015_md_xenolith,669.8900159708817,853.1210445016447,8181.540000000001,3311.044976917678,36156.156156156154,9860.434594594595,683.4580280369888,12017.063423423424,704.5920319196588,44064.06406406406,0.048908113248348296,0.04866487857217203,0.08721729976031226,0.09855957311951125,3.4646378502686055,12.82172401195416,12.863178095928442,12.863392473932038,12.863392473932038
,111000.0,,,1.6e-06,9000.0,3.0,283.15,1603.15,3000.0,mackwell_1998_maryland_diabase,669.8900159708817,853.1210445016447,8181.540000000001,3363.6833910683044,30000.0,8181.540000000001,669.8900159708817,11498.38054054054,699.128621559528,42162.16216216216,0.048908113248348296,0.04866487857217203,0.10307333298121037,0.11901432927288846,3.4850926064219827,9.163236279729858,9.23426627156364,9.2347253002766,9.2347253002766
,111000.0,,,1.6e-06,9000.0,3.0,283.15,1603.15,10000.0,sammon_2021_deep_crust,669.8900159708817,853.1210445016447,8181.540000000001,3162.006388985039,nan,nan,nan,11662.175135135138,700.8278715013124,42762.762762762766,0.048908113248348296,0.04866487857217203,nan,nan,3.338507538092043,24.635625978259565,25.023840840957057,25.031192542842437,25.031192542842437
,111000.0,,,1.6e-06,9000.0,3.0,283.15,1603.15,10000.0,sammon_2021_lower_crust,669.8900159708817,853.1210445016447,8181.540000000001,3269.04753162167,39559.55955955956,10788.603963963964,692.0429389089907,11402.833693693696,698.1484917629363,41811.811811811815,0.048908113248348296,0.04866487857217203,0.05247749599607978,0.054482939413787346,3.4205612165628816,17.68611202052618,17.835969207006407,17.83679117236088,17.83679117236088
,111000.0,,,1.6e-06,9000.0,3.0,283.15,1603.15,10000.0,hacker_2015_md_xenolith,669.8900159708817,853.1210445016447,8181.540000000001,3311.044976917678,35705.7057057057,9737.588648648649,682.3796232162612,11402.833693693696,698.1484917629363,41811.811811811815,0.048908113248348296,0.04866487857217203,0.08972979005127413,0.09858001200957478,3.464658289158669,17.91333560830934,18.06568127212602,18.066033917595412,18.066033917595412
,111000.0,,,1.6e-06,9000.0,3.0,283.15,1603.15,10000.0,mackwell_1998_maryland_diabase,669.8900159708817,853.1210445016447,8181.540000000001,3363.6833910683044,30000.0,8181.540000000001,669.8900159708817,10966.048108108109,693.7720485685365,40210.21021021021,0.048908113248348296,0.04866487857217203,0.10545604105850503,0.11906318021396922,3.4851414573630635,12.097566948888147,12.245777276867386,12.24755497931167,12.24755497931167
